ticket_id,order_date,restaurant,meal_period,menu_item,item_category,quantity,unit_price,revenue,booking_source,guest_count,table_id
R20003,2025-01-01,Il Capriccio,Dinner,Panna Cotta,Dessert,1,7,7,Partner App,1,T07
R20090,2025-01-01,Bella Roma,Lunch,Risotto ai Funghi,Pasta,1,19,19,Walk-in,4,T08
R20103,2025-01-01,La Trattoria,Lunch,Gelato,Dessert,1,6,6,Online,4,T12
R20272,2025-01-01,Il Capriccio,Dinner,Panna Cotta,Dessert,1,7,7,Phone,4,T17
R20379,2025-01-01,Bella Roma,Lunch,Spaghetti Carbonara,Pasta,1,16,16,Phone,3,T13
R20495,2025-01-01,La Trattoria,Dinner,Panna Cotta,Dessert,1,7,7,Online,3,T10
R20499,2025-01-01,Bella Roma,Lunch,Diavola,Pizza,1,16,16,Online,4,T21
R20872,2025-01-01,Bella Roma,Lunch,Espresso,Drinks,1,3,3,Walk-in,3,T10
R21062,2025-01-01,La Trattoria,Dinner,Quattro Stagioni,Pizza,1,18,18,Phone,2,T22
R21068,2025-01-01,Bella Roma,Dinner,Risotto ai Funghi,Pasta,1,19,19,Partner App,4,T02
R21076,2025-01-01,Bella Roma,Lunch,Diavola,Pizza,3,16,48,Phone,2,T08
R20121,2025-01-02,La Trattoria,Lunch,Penne Arrabbiata,Pasta,1,14,14,Online,5,T07
R20132,2025-01-02,Il Capriccio,Lunch,Penne Arrabbiata,Pasta,1,14,14,Walk-in,2,T17
R20403,2025-01-02,La Trattoria,Lunch,Penne Arrabbiata,Pasta,1,14,14,Walk-in,1,T07
R20647,2025-01-02,Bella Roma,Lunch,Spaghetti Carbonara,Pasta,1,16,16,Phone,4,T03
R20786,2025-01-02,Il Capriccio,Dinner,Sparkling Water,Drinks,2,4,8,Online,4,T03
R20160,2025-01-03,Il Capriccio,Lunch,House Wine,Drinks,1,12,12,Online,2,T07
R20213,2025-01-03,Bella Roma,Lunch,Lasagna,Pasta,1,18,18,Partner App,3,T23
R20277,2025-01-03,La Trattoria,Dinner,Quattro Stagioni,Pizza,1,18,18,Online,4,T15
R20584,2025-01-03,La Trattoria,Lunch,Lasagna,Pasta,2,18,36,Phone,3,T18
R20633,2025-01-03,La Trattoria,Lunch,Gelato,Dessert,1,6,6,Walk-in,2,T14
R20665,2025-01-03,Il Capriccio,Lunch,Sparkling Water,Drinks,1,4,4,Online,2,T08
R20673,2025-01-03,Bella Roma,Dinner,Spaghetti Carbonara,Pasta,1,16,16,Online,3,T07
R20873,2025-01-03,La Trattoria,Dinner,Sparkling Water,Drinks,3,4,12,Online,6,T14
R21151,2025-01-03,Il Capriccio,Dinner,Risotto ai Funghi,Pasta,1,19,19,Walk-in,5,T19
R20085,2025-01-04,La Trattoria,Dinner,Risotto ai Funghi,Pasta,1,19,19,Partner App,2,T13
R20156,2025-01-04,La Trattoria,Dinner,Lasagna,Pasta,1,18,18,Partner App,4,T25
R20320,2025-01-04,Il Capriccio,Dinner,Panna Cotta,Dessert,1,7,7,Partner App,4,T01
R20321,2025-01-04,Bella Roma,Lunch,Sparkling Water,Drinks,1,4,4,Online,2,T12
R20600,2025-01-04,Bella Roma,Dinner,Spaghetti Carbonara,Pasta,1,16,16,Phone,1,T07
R20683,2025-01-04,La Trattoria,Dinner,Quattro Stagioni,Pizza,3,18,54,Online,3,T13
R20768,2025-01-04,Il Capriccio,Dinner,Risotto ai Funghi,Pasta,1,19,19,Walk-in,5,T22
R21009,2025-01-04,La Trattoria,Dinner,Diavola,Pizza,1,16,16,Phone,2,T20
R21145,2025-01-04,Bella Roma,Lunch,House Wine,Drinks,1,12,12,Online,4,T25
R20118,2025-01-05,Il Capriccio,Lunch,Panna Cotta,Dessert,2,7,14,Online,2,T21
R20405,2025-01-05,La Trattoria,Lunch,Penne Arrabbiata,Pasta,1,14,14,Walk-in,2,T21
R20434,2025-01-05,Bella Roma,Lunch,Spaghetti Carbonara,Pasta,1,16,16,Phone,6,T01
R20493,2025-01-05,Bella Roma,Dinner,Panna Cotta,Dessert,1,7,7,Online,1,T23
R20513,2025-01-05,La Trattoria,Lunch,Lasagna,Pasta,3,18,54,Online,3,T01
R20533,2025-01-05,Il Capriccio,Lunch,Margherita Pizza,Pizza,2,14,28,Phone,4,T19
R20564,2025-01-05,Il Capriccio,Lunch,Margherita Pizza,Pizza,1,14,14,Partner App,2,T14
R20648,2025-01-05,La Trattoria,Lunch,Penne Arrabbiata,Pasta,2,14,28,Partner App,2,T25
R20685,2025-01-05,Bella Roma,Lunch,Sparkling Water,Drinks,2,4,8,Online,2,T07
R20778,2025-01-05,La Trattoria,Dinner,Espresso,Drinks,1,3,3,Walk-in,2,T24
R20829,2025-01-05,Il Capriccio,Lunch,Penne Arrabbiata,Pasta,1,14,14,Online,1,T24
R21084,2025-01-05,Il Capriccio,Lunch,Gelato,Dessert,2,6,12,Online,4,T20
R21185,2025-01-05,La Trattoria,Dinner,Gelato,Dessert,1,6,6,Walk-in,4,T25
R21187,2025-01-05,Bella Roma,Lunch,Espresso,Drinks,2,3,6,Phone,2,T22
R20161,2025-01-06,Bella Roma,Lunch,Panna Cotta,Dessert,1,7,7,Partner App,3,T04
R20353,2025-01-06,Bella Roma,Dinner,Lasagna,Pasta,1,18,18,Phone,2,T15
R20397,2025-01-06,Il Capriccio,Lunch,Diavola,Pizza,1,16,16,Partner App,2,T18
R20422,2025-01-06,Il Capriccio,Dinner,Penne Arrabbiata,Pasta,1,14,14,Walk-in,3,T19
R20478,2025-01-06,Bella Roma,Lunch,Spaghetti Carbonara,Pasta,2,16,32,Phone,2,T05
R20568,2025-01-06,La Trattoria,Lunch,Tiramisu,Dessert,1,8,8,Walk-in,1,T08
R20593,2025-01-06,Il Capriccio,Lunch,Espresso,Drinks,1,3,3,Online,6,T06
R21036,2025-01-06,Bella Roma,Lunch,Risotto ai Funghi,Pasta,2,19,38,Phone,4,T19
R21061,2025-01-06,Bella Roma,Lunch,House Wine,Drinks,1,12,12,Partner App,2,T02
R21183,2025-01-06,Bella Roma,Dinner,House Wine,Drinks,1,12,12,Phone,4,T08
R20115,2025-01-07,La Trattoria,Lunch,House Wine,Drinks,1,12,12,Walk-in,6,T24
R20174,2025-01-07,La Trattoria,Lunch,Panna Cotta,Dessert,1,7,7,Partner App,4,T15
R20191,2025-01-07,Bella Roma,Dinner,Sparkling Water,Drinks,1,4,4,Walk-in,3,T19
R20418,2025-01-07,La Trattoria,Lunch,Penne Arrabbiata,Pasta,1,14,14,Partner App,3,T11
R20709,2025-01-07,Il Capriccio,Dinner,Quattro Stagioni,Pizza,2,18,36,Online,4,T19
R21015,2025-01-07,Bella Roma,Lunch,Lasagna,Pasta,1,18,18,Walk-in,4,T15
R20004,2025-01-08,La Trattoria,Dinner,Penne Arrabbiata,Pasta,2,14,28,Partner App,1,T02
R20006,2025-01-08,Il Capriccio,Dinner,Margherita Pizza,Pizza,1,14,14,Walk-in,2,T19
R20038,2025-01-08,Il Capriccio,Dinner,Lasagna,Pasta,2,18,36,Phone,2,T06
R20239,2025-01-08,Bella Roma,Dinner,Tiramisu,Dessert,2,8,16,Phone,3,T09
R20545,2025-01-08,Il Capriccio,Lunch,Spaghetti Carbonara,Pasta,2,16,32,Partner App,1,T23
R20611,2025-01-08,Bella Roma,Lunch,Risotto ai Funghi,Pasta,1,19,19,Phone,5,T22
R20822,2025-01-08,La Trattoria,Lunch,Spaghetti Carbonara,Pasta,1,16,16,Online,3,T19
R20878,2025-01-08,Bella Roma,Dinner,Penne Arrabbiata,Pasta,1,14,14,Partner App,3,T23
R20942,2025-01-08,Il Capriccio,Lunch,Penne Arrabbiata,Pasta,1,14,14,Online,4,T07
R20952,2025-01-08,Il Capriccio,Dinner,Gelato,Dessert,2,6,12,Phone,2,T22
R21000,2025-01-08,Il Capriccio,Dinner,Gelato,Dessert,1,6,6,Walk-in,3,T04
R20014,2025-01-09,Bella Roma,Dinner,Tiramisu,Dessert,2,8,16,Online,1,T07
R20024,2025-01-09,La Trattoria,Dinner,Gelato,Dessert,2,6,12,Online,5,T16
R20148,2025-01-09,Bella Roma,Lunch,Spaghetti Carbonara,Pasta,1,16,16,Partner App,2,T21
R20264,2025-01-09,La Trattoria,Lunch,Quattro Stagioni,Pizza,1,18,18,Walk-in,3,T16
R20267,2025-01-09,Il Capriccio,Lunch,Sparkling Water,Drinks,1,4,4,Online,4,T14
R20384,2025-01-09,Bella Roma,Lunch,Margherita Pizza,Pizza,2,14,28,Phone,2,T05
R20466,2025-01-09,La Trattoria,Lunch,Risotto ai Funghi,Pasta,2,19,38,Partner App,4,T04
R20579,2025-01-09,La Trattoria,Lunch,Spaghetti Carbonara,Pasta,1,16,16,Partner App,2,T21
R20707,2025-01-09,Il Capriccio,Dinner,Spaghetti Carbonara,Pasta,1,16,16,Online,6,T16
R20817,2025-01-09,Il Capriccio,Lunch,Quattro Stagioni,Pizza,1,18,18,Phone,3,T15
R20833,2025-01-09,La Trattoria,Dinner,Sparkling Water,Drinks,1,4,4,Online,2,T21
R20911,2025-01-09,La Trattoria,Lunch,Sparkling Water,Drinks,2,4,8,Partner App,2,T11
R20924,2025-01-09,Bella Roma,Lunch,Gelato,Dessert,1,6,6,Online,3,T11
R21085,2025-01-09,Bella Roma,Lunch,Sparkling Water,Drinks,1,4,4,Walk-in,6,T10
R21104,2025-01-09,Il Capriccio,Lunch,Gelato,Dessert,1,6,6,Walk-in,1,T21
R20036,2025-01-10,La Trattoria,Lunch,Margherita Pizza,Pizza,1,14,14,Partner App,2,T09
R20445,2025-01-10,Bella Roma,Lunch,Margherita Pizza,Pizza,2,14,28,Partner App,2,T10
R20520,2025-01-10,Bella Roma,Lunch,Penne Arrabbiata,Pasta,2,14,28,Phone,1,T24
R20596,2025-01-10,La Trattoria,Dinner,Panna Cotta,Dessert,1,7,7,Phone,5,T08
R20608,2025-01-10,Il Capriccio,Dinner,Diavola,Pizza,1,16,16,Online,4,T16
R20689,2025-01-10,Bella Roma,Lunch,Margherita Pizza,Pizza,1,14,14,Online,3,T04
R20764,2025-01-10,Il Capriccio,Lunch,Margherita Pizza,Pizza,2,14,28,Phone,1,T19
R20782,2025-01-10,La Trattoria,Lunch,Gelato,Dessert,2,6,12,Online,2,T03
R21161,2025-01-10,Il Capriccio,Dinner,Penne Arrabbiata,Pasta,1,14,14,Walk-in,1,T02
R20183,2025-01-11,Bella Roma,Dinner,Sparkling Water,Drinks,2,4,8,Phone,2,T02
R20185,2025-01-11,Il Capriccio,Dinner,Quattro Stagioni,Pizza,2,18,36,Walk-in,2,T15
R20431,2025-01-11,Il Capriccio,Dinner,Espresso,Drinks,1,3,3,Partner App,4,T13
R20519,2025-01-11,La Trattoria,Lunch,Margherita Pizza,Pizza,1,14,14,Online,3,T07
R20687,2025-01-11,La Trattoria,Lunch,Penne Arrabbiata,Pasta,3,14,42,Partner App,3,T23
R20695,2025-01-11,Bella Roma,Dinner,Quattro Stagioni,Pizza,2,18,36,Partner App,1,T02
R20805,2025-01-11,Il Capriccio,Dinner,Panna Cotta,Dessert,1,7,7,Partner App,5,T22
R20834,2025-01-11,Bella Roma,Dinner,Spaghetti Carbonara,Pasta,1,16,16,Phone,2,T04
R20841,2025-01-11,La Trattoria,Dinner,Risotto ai Funghi,Pasta,2,19,38,Online,2,T08
R20937,2025-01-11,La Trattoria,Lunch,Gelato,Dessert,1,6,6,Walk-in,3,T16
R20974,2025-01-11,La Trattoria,Dinner,Gelato,Dessert,3,6,18,Partner App,3,T18
R21193,2025-01-11,Bella Roma,Lunch,Gelato,Dessert,1,6,6,Online,2,T21
R20040,2025-01-12,Il Capriccio,Lunch,House Wine,Drinks,1,12,12,Walk-in,2,T11
R20086,2025-01-12,La Trattoria,Lunch,Gelato,Dessert,1,6,6,Walk-in,5,T01
R20102,2025-01-12,Bella Roma,Dinner,Panna Cotta,Dessert,1,7,7,Walk-in,2,T12
R20329,2025-01-12,La Trattoria,Lunch,Tiramisu,Dessert,1,8,8,Partner App,3,T01
R20638,2025-01-12,Il Capriccio,Dinner,House Wine,Drinks,1,12,12,Partner App,3,T11
R20828,2025-01-12,La Trattoria,Lunch,Lasagna,Pasta,1,18,18,Walk-in,2,T04
R20877,2025-01-12,Bella Roma,Dinner,Lasagna,Pasta,2,18,36,Partner App,2,T19
R20960,2025-01-12,La Trattoria,Lunch,Espresso,Drinks,1,3,3,Partner App,3,T22
R21109,2025-01-12,La Trattoria,Dinner,Quattro Stagioni,Pizza,1,18,18,Partner App,2,T20
R21142,2025-01-12,Bella Roma,Dinner,Risotto ai Funghi,Pasta,1,19,19,Walk-in,4,T24
R20035,2025-01-13,Il Capriccio,Dinner,Penne Arrabbiata,Pasta,2,14,28,Phone,2,T12
R20055,2025-01-13,Bella Roma,Dinner,Tiramisu,Dessert,2,8,16,Partner App,4,T18
R20294,2025-01-13,Bella Roma,Dinner,Panna Cotta,Dessert,1,7,7,Online,1,T19
R20367,2025-01-13,Il Capriccio,Lunch,Sparkling Water,Drinks,1,4,4,Walk-in,1,T04
R20497,2025-01-13,Il Capriccio,Dinner,Spaghetti Carbonara,Pasta,1,16,16,Partner App,4,T02
R20534,2025-01-13,La Trattoria,Dinner,Margherita Pizza,Pizza,2,14,28,Walk-in,2,T24
R20838,2025-01-13,Bella Roma,Lunch,Espresso,Drinks,1,3,3,Online,3,T07
R21058,2025-01-13,Bella Roma,Dinner,Tiramisu,Dessert,1,8,8,Partner App,2,T23
R21065,2025-01-13,La Trattoria,Lunch,Sparkling Water,Drinks,1,4,4,Walk-in,2,T13
R20082,2025-01-14,La Trattoria,Lunch,Tiramisu,Dessert,1,8,8,Partner App,4,T01
R20105,2025-01-14,La Trattoria,Lunch,Spaghetti Carbonara,Pasta,1,16,16,Walk-in,2,T12
R20106,2025-01-14,Bella Roma,Lunch,Espresso,Drinks,1,3,3,Walk-in,4,T25
R20186,2025-01-14,La Trattoria,Lunch,Panna Cotta,Dessert,1,7,7,Partner App,1,T18
R20359,2025-01-14,Bella Roma,Lunch,Espresso,Drinks,1,3,3,Online,2,T21
R20366,2025-01-14,Bella Roma,Dinner,Espresso,Drinks,2,3,6,Online,2,T09
R20439,2025-01-14,Il Capriccio,Lunch,Spaghetti Carbonara,Pasta,2,16,32,Online,2,T23
R20751,2025-01-14,Bella Roma,Lunch,Diavola,Pizza,3,16,48,Phone,1,T06
R20758,2025-01-14,Il Capriccio,Dinner,Tiramisu,Dessert,1,8,8,Partner App,2,T08
R20839,2025-01-14,Bella Roma,Dinner,Spaghetti Carbonara,Pasta,1,16,16,Online,1,T07
R20874,2025-01-14,Il Capriccio,Dinner,Margherita Pizza,Pizza,1,14,14,Walk-in,2,T17
R20984,2025-01-14,Bella Roma,Dinner,Risotto ai Funghi,Pasta,1,19,19,Online,3,T09
R21014,2025-01-14,Bella Roma,Dinner,Penne Arrabbiata,Pasta,2,14,28,Walk-in,5,T18
R21124,2025-01-14,Bella Roma,Lunch,Diavola,Pizza,1,16,16,Partner App,4,T04
R21158,2025-01-14,Il Capriccio,Dinner,Spaghetti Carbonara,Pasta,1,16,16,Walk-in,3,T23
R20310,2025-01-15,Bella Roma,Lunch,Margherita Pizza,Pizza,2,14,28,Walk-in,2,T21
R20475,2025-01-15,Bella Roma,Dinner,Diavola,Pizza,1,16,16,Online,2,T16
R20586,2025-01-15,Bella Roma,Dinner,Risotto ai Funghi,Pasta,1,19,19,Partner App,1,T01
R20726,2025-01-15,Il Capriccio,Lunch,Lasagna,Pasta,1,18,18,Walk-in,3,T25
R20851,2025-01-15,Il Capriccio,Dinner,Spaghetti Carbonara,Pasta,1,16,16,Online,1,T20
R20953,2025-01-15,Bella Roma,Dinner,Gelato,Dessert,1,6,6,Online,3,T14
R21186,2025-01-15,Il Capriccio,Lunch,Margherita Pizza,Pizza,2,14,28,Phone,3,T09
R21188,2025-01-15,La Trattoria,Dinner,House Wine,Drinks,1,12,12,Phone,4,T02
R20236,2025-01-16,Bella Roma,Lunch,Gelato,Dessert,1,6,6,Online,3,T22
R20631,2025-01-16,La Trattoria,Dinner,Quattro Stagioni,Pizza,1,18,18,Phone,2,T16
R20667,2025-01-16,Bella Roma,Dinner,Gelato,Dessert,1,6,6,Phone,3,T25
R20733,2025-01-16,Bella Roma,Dinner,Panna Cotta,Dessert,2,7,14,Phone,2,T02
R20923,2025-01-16,Bella Roma,Dinner,Margherita Pizza,Pizza,1,14,14,Partner App,5,T11
R20206,2025-01-17,La Trattoria,Dinner,Diavola,Pizza,1,16,16,Online,3,T06
R20229,2025-01-17,Il Capriccio,Dinner,Risotto ai Funghi,Pasta,1,19,19,Partner App,1,T14
R20249,2025-01-17,Il Capriccio,Dinner,Gelato,Dessert,1,6,6,Online,1,T09
R20280,2025-01-17,Il Capriccio,Lunch,Penne Arrabbiata,Pasta,1,14,14,Walk-in,1,T06
R20331,2025-01-17,Bella Roma,Lunch,Diavola,Pizza,2,16,32,Partner App,2,T21
R20355,2025-01-17,Bella Roma,Dinner,Risotto ai Funghi,Pasta,1,19,19,Walk-in,2,T04
R20524,2025-01-17,Bella Roma,Dinner,Margherita Pizza,Pizza,1,14,14,Walk-in,2,T08
R20843,2025-01-17,Il Capriccio,Dinner,Lasagna,Pasta,1,18,18,Partner App,3,T12
R20933,2025-01-17,Bella Roma,Dinner,Penne Arrabbiata,Pasta,2,14,28,Phone,4,T18
R21004,2025-01-17,Bella Roma,Lunch,Margherita Pizza,Pizza,2,14,28,Phone,2,T05
R20070,2025-01-18,Bella Roma,Lunch,Diavola,Pizza,1,16,16,Walk-in,3,T18
R20117,2025-01-18,Il Capriccio,Dinner,Diavola,Pizza,1,16,16,Phone,2,T03
R20128,2025-01-18,Bella Roma,Lunch,Lasagna,Pasta,1,18,18,Partner App,4,T16
R20309,2025-01-18,La Trattoria,Lunch,Lasagna,Pasta,1,18,18,Online,6,T16
R20412,2025-01-18,Il Capriccio,Lunch,Diavola,Pizza,1,16,16,Walk-in,2,T19
R20469,2025-01-18,La Trattoria,Lunch,Diavola,Pizza,1,16,16,Walk-in,2,T23
R20656,2025-01-18,Bella Roma,Lunch,Espresso,Drinks,2,3,6,Online,1,T19
R20712,2025-01-18,Bella Roma,Lunch,Spaghetti Carbonara,Pasta,1,16,16,Online,1,T25
R20836,2025-01-18,Bella Roma,Dinner,Sparkling Water,Drinks,1,4,4,Walk-in,2,T17
R20969,2025-01-18,La Trattoria,Dinner,Tiramisu,Dessert,1,8,8,Walk-in,3,T25
R20994,2025-01-18,La Trattoria,Lunch,Tiramisu,Dessert,2,8,16,Walk-in,2,T03
R21017,2025-01-18,Bella Roma,Dinner,Penne Arrabbiata,Pasta,1,14,14,Walk-in,1,T13
R21095,2025-01-18,Bella Roma,Lunch,Sparkling Water,Drinks,3,4,12,Phone,2,T13
R21106,2025-01-18,Il Capriccio,Lunch,Risotto ai Funghi,Pasta,1,19,19,Online,1,T21
R21111,2025-01-18,La Trattoria,Lunch,Sparkling Water,Drinks,1,4,4,Online,4,T04
R21115,2025-01-18,La Trattoria,Dinner,House Wine,Drinks,1,12,12,Partner App,5,T18
R20109,2025-01-19,La Trattoria,Dinner,Espresso,Drinks,1,3,3,Partner App,2,T18
R20481,2025-01-19,Bella Roma,Dinner,Sparkling Water,Drinks,1,4,4,Partner App,4,T15
R20766,2025-01-19,La Trattoria,Lunch,Quattro Stagioni,Pizza,2,18,36,Walk-in,3,T15
R21072,2025-01-19,La Trattoria,Lunch,Tiramisu,Dessert,1,8,8,Phone,4,T09
R21133,2025-01-19,Il Capriccio,Dinner,Panna Cotta,Dessert,1,7,7,Partner App,3,T05
R20029,2025-01-20,La Trattoria,Dinner,Margherita Pizza,Pizza,1,14,14,Partner App,1,T01
R20199,2025-01-20,Bella Roma,Lunch,Sparkling Water,Drinks,1,4,4,Online,4,T19
R20342,2025-01-20,Il Capriccio,Dinner,Gelato,Dessert,1,6,6,Walk-in,2,T21
R20507,2025-01-20,La Trattoria,Dinner,Sparkling Water,Drinks,1,4,4,Walk-in,2,T14
R20627,2025-01-20,Il Capriccio,Dinner,Sparkling Water,Drinks,1,4,4,Partner App,3,T13
R20818,2025-01-20,Il Capriccio,Lunch,Gelato,Dessert,1,6,6,Walk-in,3,T13
R20856,2025-01-20,Bella Roma,Dinner,Panna Cotta,Dessert,1,7,7,Online,2,T12
R20875,2025-01-20,La Trattoria,Lunch,Margherita Pizza,Pizza,1,14,14,Online,1,T23
R20891,2025-01-20,Il Capriccio,Lunch,Panna Cotta,Dessert,1,7,7,Partner App,6,T22
R21024,2025-01-20,Bella Roma,Lunch,Margherita Pizza,Pizza,1,14,14,Partner App,4,T22
R20254,2025-01-21,La Trattoria,Lunch,Sparkling Water,Drinks,1,4,4,Phone,4,T12
R20480,2025-01-21,La Trattoria,Dinner,Tiramisu,Dessert,1,8,8,Phone,2,T19
R20698,2025-01-21,Il Capriccio,Dinner,Margherita Pizza,Pizza,1,14,14,Online,5,T05
R20793,2025-01-21,Bella Roma,Dinner,Panna Cotta,Dessert,2,7,14,Phone,2,T01
R20869,2025-01-21,Il Capriccio,Dinner,Espresso,Drinks,1,3,3,Walk-in,2,T09
R20999,2025-01-21,Il Capriccio,Lunch,Gelato,Dessert,1,6,6,Online,4,T24
R21029,2025-01-21,Bella Roma,Lunch,Diavola,Pizza,3,16,48,Online,2,T15
R20456,2025-01-22,Bella Roma,Lunch,Margherita Pizza,Pizza,1,14,14,Walk-in,4,T14
R20473,2025-01-22,Bella Roma,Lunch,House Wine,Drinks,1,12,12,Walk-in,3,T16
R20483,2025-01-22,La Trattoria,Lunch,Diavola,Pizza,3,16,48,Phone,2,T24
R20504,2025-01-22,Bella Roma,Dinner,Sparkling Water,Drinks,1,4,4,Phone,1,T11
R20955,2025-01-22,Bella Roma,Lunch,Quattro Stagioni,Pizza,1,18,18,Walk-in,5,T25
R20182,2025-01-23,Bella Roma,Lunch,Diavola,Pizza,1,16,16,Partner App,1,T22
R20440,2025-01-23,La Trattoria,Lunch,Sparkling Water,Drinks,1,4,4,Walk-in,6,T06
R20708,2025-01-23,La Trattoria,Lunch,Espresso,Drinks,1,3,3,Phone,2,T04
R20775,2025-01-23,La Trattoria,Lunch,Panna Cotta,Dessert,1,7,7,Phone,1,T15
R20814,2025-01-23,Il Capriccio,Dinner,Sparkling Water,Drinks,1,4,4,Walk-in,2,T19
R21090,2025-01-23,Bella Roma,Dinner,Risotto ai Funghi,Pasta,3,19,57,Online,4,T18
R20050,2025-01-24,Il Capriccio,Lunch,Espresso,Drinks,1,3,3,Partner App,4,T06
R20067,2025-01-24,Il Capriccio,Dinner,Penne Arrabbiata,Pasta,1,14,14,Walk-in,4,T08
R20152,2025-01-24,Bella Roma,Lunch,Espresso,Drinks,1,3,3,Online,4,T07
R20357,2025-01-24,Bella Roma,Lunch,Risotto ai Funghi,Pasta,2,19,38,Partner App,3,T11
R20494,2025-01-24,Bella Roma,Dinner,Diavola,Pizza,1,16,16,Phone,1,T16
R20530,2025-01-24,La Trattoria,Lunch,Tiramisu,Dessert,1,8,8,Walk-in,3,T10
R20536,2025-01-24,Bella Roma,Dinner,Espresso,Drinks,1,3,3,Online,3,T12
R20756,2025-01-24,La Trattoria,Lunch,Lasagna,Pasta,1,18,18,Partner App,2,T19
R20904,2025-01-24,La Trattoria,Lunch,Margherita Pizza,Pizza,1,14,14,Walk-in,6,T23
R20930,2025-01-24,Il Capriccio,Lunch,Margherita Pizza,Pizza,1,14,14,Online,2,T13
R20945,2025-01-24,Bella Roma,Dinner,Lasagna,Pasta,1,18,18,Partner App,3,T06
R21123,2025-01-24,Bella Roma,Dinner,Espresso,Drinks,1,3,3,Partner App,3,T07
R20154,2025-01-25,La Trattoria,Dinner,Spaghetti Carbonara,Pasta,1,16,16,Partner App,4,T14
R20257,2025-01-25,Bella Roma,Lunch,Diavola,Pizza,2,16,32,Walk-in,5,T04
R20298,2025-01-25,La Trattoria,Lunch,Diavola,Pizza,1,16,16,Online,4,T25
R20335,2025-01-25,Bella Roma,Dinner,Diavola,Pizza,1,16,16,Online,2,T13
R20381,2025-01-25,Bella Roma,Lunch,Quattro Stagioni,Pizza,1,18,18,Walk-in,4,T14
R20517,2025-01-25,Il Capriccio,Lunch,Sparkling Water,Drinks,1,4,4,Phone,6,T10
R20541,2025-01-25,Il Capriccio,Lunch,Risotto ai Funghi,Pasta,1,19,19,Partner App,3,T08
R20772,2025-01-25,Bella Roma,Dinner,Lasagna,Pasta,1,18,18,Partner App,1,T16
R20812,2025-01-25,Il Capriccio,Lunch,Tiramisu,Dessert,1,8,8,Walk-in,1,T22
R20886,2025-01-25,Bella Roma,Lunch,Espresso,Drinks,1,3,3,Phone,5,T23
R20889,2025-01-25,La Trattoria,Lunch,Quattro Stagioni,Pizza,1,18,18,Partner App,2,T21
R21007,2025-01-25,La Trattoria,Lunch,Lasagna,Pasta,1,18,18,Walk-in,3,T21
R21035,2025-01-25,Il Capriccio,Dinner,Gelato,Dessert,1,6,6,Phone,1,T14
R20053,2025-01-26,Bella Roma,Lunch,Tiramisu,Dessert,1,8,8,Walk-in,1,T12
R20054,2025-01-26,Il Capriccio,Lunch,Tiramisu,Dessert,1,8,8,Phone,4,T25
R20097,2025-01-26,Il Capriccio,Lunch,Sparkling Water,Drinks,1,4,4,Walk-in,2,T03
R20322,2025-01-26,Bella Roma,Dinner,Sparkling Water,Drinks,1,4,4,Partner App,2,T05
R20324,2025-01-26,La Trattoria,Lunch,Sparkling Water,Drinks,1,4,4,Phone,1,T06
R20482,2025-01-26,Il Capriccio,Lunch,Lasagna,Pasta,1,18,18,Phone,1,T14
R20609,2025-01-26,Bella Roma,Lunch,Quattro Stagioni,Pizza,1,18,18,Partner App,1,T16
R20645,2025-01-26,La Trattoria,Lunch,Quattro Stagioni,Pizza,2,18,36,Partner App,5,T10
R21003,2025-01-26,Bella Roma,Lunch,Gelato,Dessert,1,6,6,Walk-in,4,T15
R21132,2025-01-26,Bella Roma,Lunch,Quattro Stagioni,Pizza,2,18,36,Walk-in,3,T20
R20042,2025-01-27,Bella Roma,Dinner,Sparkling Water,Drinks,3,4,12,Phone,5,T07
R20248,2025-01-27,La Trattoria,Lunch,Margherita Pizza,Pizza,2,14,28,Phone,4,T14
R20270,2025-01-27,La Trattoria,Dinner,Penne Arrabbiata,Pasta,2,14,28,Online,4,T11
R20297,2025-01-27,Il Capriccio,Lunch,Risotto ai Funghi,Pasta,2,19,38,Online,2,T16
R20444,2025-01-27,Bella Roma,Lunch,Lasagna,Pasta,1,18,18,Walk-in,1,T24
R20559,2025-01-27,Bella Roma,Dinner,Panna Cotta,Dessert,1,7,7,Walk-in,2,T03
R20681,2025-01-27,La Trattoria,Dinner,Gelato,Dessert,1,6,6,Walk-in,2,T21
R20701,2025-01-27,Il Capriccio,Lunch,Margherita Pizza,Pizza,1,14,14,Partner App,3,T13
R20830,2025-01-27,La Trattoria,Lunch,Tiramisu,Dessert,1,8,8,Online,2,T24
R20876,2025-01-27,La Trattoria,Lunch,Diavola,Pizza,1,16,16,Online,1,T24
R20971,2025-01-27,La Trattoria,Dinner,Spaghetti Carbonara,Pasta,3,16,48,Walk-in,4,T24
R21013,2025-01-27,La Trattoria,Lunch,Sparkling Water,Drinks,1,4,4,Partner App,3,T12
R20114,2025-01-28,Bella Roma,Lunch,Penne Arrabbiata,Pasta,1,14,14,Online,1,T18
R20126,2025-01-28,Il Capriccio,Dinner,House Wine,Drinks,2,12,24,Walk-in,4,T25
R20278,2025-01-28,La Trattoria,Dinner,Penne Arrabbiata,Pasta,1,14,14,Walk-in,2,T11
R20386,2025-01-28,Il Capriccio,Dinner,Sparkling Water,Drinks,2,4,8,Online,3,T23
R20409,2025-01-28,Bella Roma,Dinner,Diavola,Pizza,1,16,16,Walk-in,5,T04
R20477,2025-01-28,La Trattoria,Dinner,Lasagna,Pasta,1,18,18,Phone,1,T15
R20485,2025-01-28,Il Capriccio,Dinner,Margherita Pizza,Pizza,1,14,14,Partner App,3,T25
R20770,2025-01-28,Il Capriccio,Lunch,Margherita Pizza,Pizza,2,14,28,Partner App,2,T05
R20855,2025-01-28,Il Capriccio,Dinner,Penne Arrabbiata,Pasta,1,14,14,Phone,2,T07
R21055,2025-01-28,Bella Roma,Dinner,Penne Arrabbiata,Pasta,1,14,14,Walk-in,2,T25
R21089,2025-01-28,Il Capriccio,Lunch,Tiramisu,Dessert,2,8,16,Phone,5,T25
R21101,2025-01-28,Bella Roma,Lunch,Spaghetti Carbonara,Pasta,1,16,16,Phone,3,T04
R21184,2025-01-28,Bella Roma,Dinner,House Wine,Drinks,1,12,12,Online,2,T04
R21189,2025-01-28,Il Capriccio,Lunch,Margherita Pizza,Pizza,1,14,14,Partner App,2,T14
R20002,2025-01-29,Bella Roma,Lunch,Spaghetti Carbonara,Pasta,2,16,32,Online,2,T20
R20010,2025-01-29,Il Capriccio,Lunch,House Wine,Drinks,2,12,24,Online,4,T15
R20088,2025-01-29,Il Capriccio,Dinner,Diavola,Pizza,1,16,16,Walk-in,1,T22
R20100,2025-01-29,Il Capriccio,Lunch,Penne Arrabbiata,Pasta,2,14,28,Walk-in,4,T01
R20179,2025-01-29,Il Capriccio,Lunch,Diavola,Pizza,3,16,48,Phone,4,T21
R20306,2025-01-29,La Trattoria,Lunch,Penne Arrabbiata,Pasta,1,14,14,Walk-in,1,T16
R20316,2025-01-29,Il Capriccio,Dinner,Tiramisu,Dessert,2,8,16,Online,3,T25
R20604,2025-01-29,Bella Roma,Dinner,Spaghetti Carbonara,Pasta,1,16,16,Partner App,1,T06
R20606,2025-01-29,Il Capriccio,Lunch,Penne Arrabbiata,Pasta,1,14,14,Walk-in,3,T17
R20729,2025-01-29,Il Capriccio,Lunch,Espresso,Drinks,2,3,6,Phone,4,T03
R20744,2025-01-29,Bella Roma,Dinner,Tiramisu,Dessert,1,8,8,Partner App,2,T17
R20997,2025-01-29,La Trattoria,Dinner,Quattro Stagioni,Pizza,3,18,54,Online,5,T07
R21041,2025-01-29,Bella Roma,Dinner,Penne Arrabbiata,Pasta,1,14,14,Partner App,2,T20
R21125,2025-01-29,Il Capriccio,Lunch,Quattro Stagioni,Pizza,1,18,18,Online,1,T08
R21128,2025-01-29,Il Capriccio,Dinner,Tiramisu,Dessert,1,8,8,Walk-in,2,T22
R20146,2025-01-30,La Trattoria,Dinner,Spaghetti Carbonara,Pasta,1,16,16,Walk-in,3,T02
R20157,2025-01-30,Bella Roma,Dinner,Quattro Stagioni,Pizza,1,18,18,Online,5,T14
R20196,2025-01-30,La Trattoria,Dinner,Panna Cotta,Dessert,3,7,21,Phone,2,T10
R20389,2025-01-30,Bella Roma,Lunch,Penne Arrabbiata,Pasta,2,14,28,Online,2,T05
R20881,2025-01-30,La Trattoria,Lunch,Spaghetti Carbonara,Pasta,2,16,32,Online,4,T14
R21059,2025-01-30,La Trattoria,Dinner,House Wine,Drinks,1,12,12,Partner App,4,T05
R21197,2025-01-30,Bella Roma,Lunch,Sparkling Water,Drinks,1,4,4,Phone,6,T11
R20039,2025-01-31,Il Capriccio,Dinner,Penne Arrabbiata,Pasta,1,14,14,Online,2,T06
R20099,2025-01-31,La Trattoria,Lunch,Sparkling Water,Drinks,1,4,4,Online,2,T07
R20217,2025-01-31,Il Capriccio,Lunch,Lasagna,Pasta,1,18,18,Partner App,3,T13
R20261,2025-01-31,Bella Roma,Dinner,Gelato,Dessert,1,6,6,Phone,1,T18
R20311,2025-01-31,Bella Roma,Dinner,Panna Cotta,Dessert,1,7,7,Phone,1,T04
R20785,2025-01-31,La Trattoria,Dinner,Sparkling Water,Drinks,1,4,4,Online,4,T13
R20811,2025-01-31,Bella Roma,Lunch,Margherita Pizza,Pizza,2,14,28,Partner App,3,T19
R20844,2025-01-31,La Trattoria,Lunch,Quattro Stagioni,Pizza,1,18,18,Online,4,T22
R20893,2025-01-31,Bella Roma,Dinner,Lasagna,Pasta,1,18,18,Walk-in,5,T20
R20966,2025-01-31,La Trattoria,Dinner,Gelato,Dessert,1,6,6,Walk-in,2,T09
R21040,2025-01-31,Il Capriccio,Dinner,Espresso,Drinks,1,3,3,Online,6,T21
R21121,2025-01-31,La Trattoria,Dinner,Espresso,Drinks,2,3,6,Walk-in,4,T21
R21138,2025-01-31,La Trattoria,Lunch,Sparkling Water,Drinks,2,4,8,Walk-in,2,T25
R20131,2025-02-01,Bella Roma,Lunch,Tiramisu,Dessert,2,8,16,Phone,3,T04
R20178,2025-02-01,Il Capriccio,Dinner,House Wine,Drinks,1,12,12,Online,5,T19
R20193,2025-02-01,Bella Roma,Lunch,Espresso,Drinks,2,3,6,Online,2,T03
R20255,2025-02-01,Bella Roma,Dinner,Margherita Pizza,Pizza,1,14,14,Online,2,T14
R20375,2025-02-01,Bella Roma,Dinner,Lasagna,Pasta,1,18,18,Partner App,3,T18
R20959,2025-02-01,Il Capriccio,Dinner,Panna Cotta,Dessert,1,7,7,Walk-in,1,T17
R20973,2025-02-01,Il Capriccio,Dinner,Quattro Stagioni,Pizza,1,18,18,Phone,4,T02
R20979,2025-02-01,La Trattoria,Dinner,House Wine,Drinks,2,12,24,Walk-in,2,T09
R20045,2025-02-02,La Trattoria,Lunch,Espresso,Drinks,1,3,3,Online,4,T16
R20266,2025-02-02,Bella Roma,Dinner,Espresso,Drinks,2,3,6,Online,2,T24
R20605,2025-02-02,Bella Roma,Dinner,Quattro Stagioni,Pizza,3,18,54,Walk-in,4,T24
R20693,2025-02-02,La Trattoria,Lunch,Espresso,Drinks,1,3,3,Online,2,T11
R20763,2025-02-02,Il Capriccio,Dinner,Penne Arrabbiata,Pasta,1,14,14,Partner App,2,T09
R21038,2025-02-02,La Trattoria,Lunch,Penne Arrabbiata,Pasta,1,14,14,Online,2,T21
R21154,2025-02-02,Bella Roma,Dinner,Quattro Stagioni,Pizza,1,18,18,Online,1,T22
R20165,2025-02-03,La Trattoria,Dinner,Sparkling Water,Drinks,1,4,4,Phone,4,T14
R20537,2025-02-03,Bella Roma,Lunch,Espresso,Drinks,1,3,3,Walk-in,1,T14
R20538,2025-02-03,Bella Roma,Lunch,Spaghetti Carbonara,Pasta,1,16,16,Partner App,3,T13
R20572,2025-02-03,Bella Roma,Dinner,Gelato,Dessert,1,6,6,Phone,4,T10
R20800,2025-02-03,Il Capriccio,Lunch,Quattro Stagioni,Pizza,1,18,18,Partner App,2,T06
R20943,2025-02-03,Bella Roma,Dinner,Gelato,Dessert,1,6,6,Phone,1,T23
R20074,2025-02-04,Bella Roma,Lunch,Diavola,Pizza,2,16,32,Phone,2,T23
R20095,2025-02-04,La Trattoria,Dinner,Tiramisu,Dessert,1,8,8,Online,3,T24
R20198,2025-02-04,Bella Roma,Dinner,Margherita Pizza,Pizza,1,14,14,Partner App,2,T02
R20262,2025-02-04,Bella Roma,Dinner,Tiramisu,Dessert,1,8,8,Partner App,1,T23
R20299,2025-02-04,Il Capriccio,Lunch,Tiramisu,Dessert,1,8,8,Walk-in,3,T03
R20372,2025-02-04,Il Capriccio,Dinner,Lasagna,Pasta,1,18,18,Walk-in,3,T01
R20505,2025-02-04,La Trattoria,Lunch,Risotto ai Funghi,Pasta,1,19,19,Online,6,T10
R20623,2025-02-04,Il Capriccio,Lunch,Panna Cotta,Dessert,1,7,7,Phone,4,T17
R20658,2025-02-04,Bella Roma,Dinner,Spaghetti Carbonara,Pasta,1,16,16,Online,1,T20
R20755,2025-02-04,Bella Roma,Lunch,Lasagna,Pasta,1,18,18,Phone,4,T01
R20826,2025-02-04,La Trattoria,Dinner,Diavola,Pizza,1,16,16,Phone,3,T05
R20977,2025-02-04,Bella Roma,Lunch,Sparkling Water,Drinks,1,4,4,Partner App,2,T21
R21034,2025-02-04,Bella Roma,Lunch,Quattro Stagioni,Pizza,1,18,18,Partner App,1,T21
R21155,2025-02-04,Il Capriccio,Lunch,Sparkling Water,Drinks,2,4,8,Phone,3,T17
R20303,2025-02-05,La Trattoria,Dinner,Margherita Pizza,Pizza,1,14,14,Phone,2,T15
R20446,2025-02-05,La Trattoria,Lunch,Lasagna,Pasta,1,18,18,Walk-in,2,T24
R20718,2025-02-05,La Trattoria,Lunch,Margherita Pizza,Pizza,1,14,14,Walk-in,2,T10
R20910,2025-02-05,Il Capriccio,Lunch,Margherita Pizza,Pizza,1,14,14,Partner App,1,T25
R21005,2025-02-05,Il Capriccio,Lunch,Sparkling Water,Drinks,2,4,8,Walk-in,4,T20
R21074,2025-02-05,Il Capriccio,Lunch,Quattro Stagioni,Pizza,2,18,36,Phone,5,T09
R20008,2025-02-06,Bella Roma,Dinner,Margherita Pizza,Pizza,1,14,14,Partner App,3,T18
R20032,2025-02-06,La Trattoria,Lunch,Spaghetti Carbonara,Pasta,1,16,16,Walk-in,2,T24
R20227,2025-02-06,La Trattoria,Lunch,Risotto ai Funghi,Pasta,1,19,19,Partner App,6,T16
R20237,2025-02-06,Bella Roma,Dinner,Tiramisu,Dessert,1,8,8,Partner App,1,T05
R20273,2025-02-06,Bella Roma,Dinner,Quattro Stagioni,Pizza,1,18,18,Online,4,T15
R20400,2025-02-06,Il Capriccio,Lunch,House Wine,Drinks,3,12,36,Partner App,2,T05
R20408,2025-02-06,Bella Roma,Dinner,Spaghetti Carbonara,Pasta,3,16,48,Walk-in,5,T18
R20441,2025-02-06,Bella Roma,Dinner,Tiramisu,Dessert,1,8,8,Walk-in,4,T06
R20510,2025-02-06,Il Capriccio,Dinner,Tiramisu,Dessert,1,8,8,Partner App,3,T22
R20742,2025-02-06,Il Capriccio,Dinner,Sparkling Water,Drinks,1,4,4,Partner App,1,T18
R21026,2025-02-06,Bella Roma,Dinner,Sparkling Water,Drinks,1,4,4,Online,2,T08
R21112,2025-02-06,Il Capriccio,Lunch,Espresso,Drinks,1,3,3,Walk-in,2,T10
R21156,2025-02-06,Bella Roma,Lunch,Gelato,Dessert,2,6,12,Partner App,1,T01
R20307,2025-02-07,Il Capriccio,Lunch,Risotto ai Funghi,Pasta,2,19,38,Online,2,T02
R20349,2025-02-07,La Trattoria,Dinner,Espresso,Drinks,1,3,3,Partner App,1,T18
R20368,2025-02-07,La Trattoria,Dinner,Gelato,Dessert,1,6,6,Walk-in,3,T19
R20465,2025-02-07,La Trattoria,Lunch,Lasagna,Pasta,1,18,18,Walk-in,2,T23
R20657,2025-02-07,Il Capriccio,Lunch,Gelato,Dessert,2,6,12,Walk-in,1,T06
R20832,2025-02-07,La Trattoria,Lunch,Espresso,Drinks,1,3,3,Walk-in,3,T21
R20902,2025-02-07,La Trattoria,Lunch,Espresso,Drinks,1,3,3,Partner App,2,T20
R21025,2025-02-07,Il Capriccio,Lunch,Penne Arrabbiata,Pasta,1,14,14,Phone,3,T11
R21174,2025-02-07,Il Capriccio,Dinner,Penne Arrabbiata,Pasta,1,14,14,Online,3,T04
R20208,2025-02-08,La Trattoria,Dinner,House Wine,Drinks,1,12,12,Walk-in,6,T22
R20286,2025-02-08,Bella Roma,Dinner,Risotto ai Funghi,Pasta,2,19,38,Partner App,3,T08
R20328,2025-02-08,La Trattoria,Lunch,Risotto ai Funghi,Pasta,3,19,57,Partner App,5,T05
R20580,2025-02-08,Bella Roma,Dinner,Spaghetti Carbonara,Pasta,1,16,16,Phone,3,T25
R20700,2025-02-08,Il Capriccio,Lunch,House Wine,Drinks,1,12,12,Walk-in,1,T23
R20944,2025-02-08,La Trattoria,Lunch,House Wine,Drinks,1,12,12,Online,4,T17
R21031,2025-02-08,Il Capriccio,Dinner,Margherita Pizza,Pizza,1,14,14,Online,6,T11
R20023,2025-02-09,Il Capriccio,Dinner,Lasagna,Pasta,1,18,18,Online,3,T18
R20083,2025-02-09,Il Capriccio,Lunch,Spaghetti Carbonara,Pasta,2,16,32,Partner App,4,T17
R20141,2025-02-09,Il Capriccio,Dinner,Lasagna,Pasta,1,18,18,Partner App,3,T04
R20362,2025-02-09,Il Capriccio,Dinner,Lasagna,Pasta,1,18,18,Phone,1,T15
R20432,2025-02-09,Il Capriccio,Dinner,House Wine,Drinks,1,12,12,Online,2,T20
R20487,2025-02-09,La Trattoria,Dinner,Diavola,Pizza,1,16,16,Phone,2,T12
R20636,2025-02-09,Il Capriccio,Dinner,House Wine,Drinks,1,12,12,Phone,2,T13
R20664,2025-02-09,La Trattoria,Lunch,Penne Arrabbiata,Pasta,1,14,14,Online,4,T17
R20688,2025-02-09,La Trattoria,Dinner,Espresso,Drinks,1,3,3,Online,3,T18
R20866,2025-02-09,Bella Roma,Lunch,Diavola,Pizza,2,16,32,Online,2,T24
R21092,2025-02-09,Il Capriccio,Dinner,Lasagna,Pasta,1,18,18,Phone,4,T01
R21173,2025-02-09,Il Capriccio,Dinner,Panna Cotta,Dessert,1,7,7,Partner App,2,T24
R21178,2025-02-09,Bella Roma,Dinner,Margherita Pizza,Pizza,1,14,14,Partner App,2,T14
R20044,2025-02-10,Bella Roma,Lunch,Diavola,Pizza,1,16,16,Phone,1,T08
R20210,2025-02-10,La Trattoria,Dinner,Panna Cotta,Dessert,1,7,7,Online,1,T19
R20219,2025-02-10,Bella Roma,Lunch,Quattro Stagioni,Pizza,1,18,18,Walk-in,2,T08
R20251,2025-02-10,Bella Roma,Lunch,Lasagna,Pasta,1,18,18,Phone,4,T19
R20377,2025-02-10,La Trattoria,Dinner,Risotto ai Funghi,Pasta,1,19,19,Walk-in,3,T12
R20503,2025-02-10,Bella Roma,Dinner,Tiramisu,Dessert,1,8,8,Phone,2,T09
R20603,2025-02-10,Il Capriccio,Dinner,House Wine,Drinks,2,12,24,Partner App,4,T21
R20646,2025-02-10,Il Capriccio,Lunch,Spaghetti Carbonara,Pasta,1,16,16,Online,2,T11
R20715,2025-02-10,Il Capriccio,Lunch,House Wine,Drinks,1,12,12,Online,1,T10
R20767,2025-02-10,Il Capriccio,Lunch,Risotto ai Funghi,Pasta,1,19,19,Phone,4,T14
R20934,2025-02-10,Il Capriccio,Lunch,Spaghetti Carbonara,Pasta,1,16,16,Online,3,T21
R20951,2025-02-10,Il Capriccio,Dinner,Penne Arrabbiata,Pasta,1,14,14,Phone,2,T24
R20987,2025-02-10,Il Capriccio,Lunch,Panna Cotta,Dessert,2,7,14,Partner App,2,T11
R20147,2025-02-11,Bella Roma,Dinner,Sparkling Water,Drinks,1,4,4,Walk-in,5,T09
R20424,2025-02-11,La Trattoria,Dinner,Diavola,Pizza,1,16,16,Walk-in,3,T08
R20528,2025-02-11,Il Capriccio,Lunch,Lasagna,Pasta,3,18,54,Partner App,2,T11
R20531,2025-02-11,Bella Roma,Lunch,Margherita Pizza,Pizza,1,14,14,Partner App,4,T02
R20747,2025-02-11,La Trattoria,Dinner,Spaghetti Carbonara,Pasta,2,16,32,Online,3,T21
R20831,2025-02-11,La Trattoria,Lunch,Penne Arrabbiata,Pasta,1,14,14,Phone,6,T23
R20941,2025-02-11,Il Capriccio,Dinner,Quattro Stagioni,Pizza,1,18,18,Partner App,4,T09
R20946,2025-02-11,La Trattoria,Dinner,Espresso,Drinks,1,3,3,Walk-in,2,T04
R21045,2025-02-11,Il Capriccio,Lunch,Tiramisu,Dessert,1,8,8,Partner App,5,T16
R21094,2025-02-11,Bella Roma,Dinner,Spaghetti Carbonara,Pasta,1,16,16,Phone,6,T07
R20078,2025-02-12,Il Capriccio,Dinner,Espresso,Drinks,2,3,6,Phone,1,T04
R20449,2025-02-12,La Trattoria,Lunch,Penne Arrabbiata,Pasta,1,14,14,Walk-in,2,T21
R20612,2025-02-12,La Trattoria,Dinner,Tiramisu,Dessert,1,8,8,Partner App,2,T13
R20613,2025-02-12,La Trattoria,Dinner,Diavola,Pizza,1,16,16,Partner App,4,T10
R20819,2025-02-12,La Trattoria,Dinner,Sparkling Water,Drinks,1,4,4,Phone,2,T23
R20030,2025-02-13,Il Capriccio,Dinner,Diavola,Pizza,1,16,16,Walk-in,2,T21
R20065,2025-02-13,La Trattoria,Lunch,Risotto ai Funghi,Pasta,1,19,19,Phone,3,T05
R20096,2025-02-13,La Trattoria,Lunch,Spaghetti Carbonara,Pasta,1,16,16,Walk-in,3,T15
R20304,2025-02-13,Bella Roma,Dinner,Diavola,Pizza,3,16,48,Walk-in,3,T04
R20323,2025-02-13,La Trattoria,Lunch,Tiramisu,Dessert,2,8,16,Phone,4,T21
R20562,2025-02-13,Il Capriccio,Lunch,Quattro Stagioni,Pizza,1,18,18,Partner App,2,T22
R20702,2025-02-13,Il Capriccio,Dinner,Risotto ai Funghi,Pasta,1,19,19,Phone,2,T18
R20750,2025-02-13,La Trattoria,Lunch,Margherita Pizza,Pizza,1,14,14,Phone,1,T09
R20753,2025-02-13,Bella Roma,Lunch,Quattro Stagioni,Pizza,1,18,18,Online,3,T12
R20882,2025-02-13,Il Capriccio,Lunch,Margherita Pizza,Pizza,1,14,14,Online,3,T02
R20107,2025-02-14,Bella Roma,Lunch,Penne Arrabbiata,Pasta,1,14,14,Phone,2,T15
R20415,2025-02-14,Bella Roma,Lunch,Panna Cotta,Dessert,1,7,7,Online,5,T18
R20529,2025-02-14,La Trattoria,Lunch,Espresso,Drinks,1,3,3,Phone,2,T03
R20614,2025-02-14,La Trattoria,Lunch,Tiramisu,Dessert,1,8,8,Walk-in,4,T18
R20738,2025-02-14,Il Capriccio,Lunch,House Wine,Drinks,1,12,12,Partner App,3,T03
R20862,2025-02-14,Il Capriccio,Lunch,Lasagna,Pasta,2,18,36,Walk-in,2,T19
R20958,2025-02-14,La Trattoria,Dinner,Spaghetti Carbonara,Pasta,1,16,16,Online,3,T03
R21087,2025-02-14,Bella Roma,Dinner,Espresso,Drinks,2,3,6,Phone,3,T21
R20081,2025-02-15,Bella Roma,Dinner,Risotto ai Funghi,Pasta,1,19,19,Walk-in,1,T07
R20207,2025-02-15,La Trattoria,Lunch,Risotto ai Funghi,Pasta,1,19,19,Online,2,T16
R20501,2025-02-15,La Trattoria,Dinner,House Wine,Drinks,1,12,12,Walk-in,1,T22
R20676,2025-02-15,La Trattoria,Lunch,Sparkling Water,Drinks,2,4,8,Partner App,4,T10
R20727,2025-02-15,La Trattoria,Lunch,Margherita Pizza,Pizza,1,14,14,Phone,4,T16
R20748,2025-02-15,Il Capriccio,Dinner,Tiramisu,Dessert,1,8,8,Walk-in,4,T20
R20821,2025-02-15,Il Capriccio,Lunch,Risotto ai Funghi,Pasta,3,19,57,Partner App,3,T13
R21102,2025-02-15,Il Capriccio,Dinner,Risotto ai Funghi,Pasta,1,19,19,Walk-in,2,T20
R21114,2025-02-15,Il Capriccio,Dinner,Tiramisu,Dessert,1,8,8,Online,2,T11
R20173,2025-02-16,La Trattoria,Lunch,Diavola,Pizza,1,16,16,Partner App,2,T14
R20238,2025-02-16,Bella Roma,Dinner,Penne Arrabbiata,Pasta,1,14,14,Partner App,3,T03
R20416,2025-02-16,Il Capriccio,Lunch,Risotto ai Funghi,Pasta,2,19,38,Online,6,T17
R20451,2025-02-16,Bella Roma,Lunch,Espresso,Drinks,1,3,3,Online,3,T06
R20779,2025-02-16,Il Capriccio,Dinner,Lasagna,Pasta,1,18,18,Phone,2,T19
R20798,2025-02-16,Il Capriccio,Lunch,Spaghetti Carbonara,Pasta,1,16,16,Walk-in,2,T01
R21012,2025-02-16,La Trattoria,Lunch,Tiramisu,Dessert,1,8,8,Walk-in,2,T18
R21052,2025-02-16,La Trattoria,Lunch,Margherita Pizza,Pizza,1,14,14,Phone,2,T08
R20047,2025-02-17,La Trattoria,Lunch,Risotto ai Funghi,Pasta,1,19,19,Online,4,T24
R20052,2025-02-17,Il Capriccio,Dinner,Diavola,Pizza,2,16,32,Phone,2,T25
R20337,2025-02-17,Bella Roma,Lunch,House Wine,Drinks,2,12,24,Walk-in,2,T06
R20421,2025-02-17,Bella Roma,Lunch,House Wine,Drinks,1,12,12,Phone,4,T16
R20435,2025-02-17,Il Capriccio,Dinner,Tiramisu,Dessert,1,8,8,Phone,5,T18
R20437,2025-02-17,Il Capriccio,Lunch,Diavola,Pizza,1,16,16,Walk-in,2,T16
R20458,2025-02-17,Il Capriccio,Lunch,Sparkling Water,Drinks,1,4,4,Online,4,T20
R20514,2025-02-17,Il Capriccio,Dinner,House Wine,Drinks,1,12,12,Phone,1,T24
R20557,2025-02-17,Il Capriccio,Lunch,Diavola,Pizza,1,16,16,Walk-in,2,T03
R20706,2025-02-17,Il Capriccio,Lunch,Sparkling Water,Drinks,2,4,8,Online,2,T21
R20761,2025-02-17,Bella Roma,Lunch,Espresso,Drinks,1,3,3,Partner App,4,T13
R20975,2025-02-17,Bella Roma,Dinner,Diavola,Pizza,1,16,16,Partner App,6,T01
R21077,2025-02-17,La Trattoria,Lunch,Quattro Stagioni,Pizza,1,18,18,Online,2,T15
R20016,2025-02-18,Il Capriccio,Dinner,Panna Cotta,Dessert,3,7,21,Online,1,T06
R20112,2025-02-18,La Trattoria,Dinner,Lasagna,Pasta,1,18,18,Phone,4,T23
R20129,2025-02-18,Bella Roma,Dinner,Panna Cotta,Dessert,2,7,14,Partner App,2,T02
R20145,2025-02-18,Il Capriccio,Lunch,Risotto ai Funghi,Pasta,1,19,19,Partner App,2,T09
R20241,2025-02-18,La Trattoria,Lunch,Tiramisu,Dessert,1,8,8,Walk-in,2,T14
R20404,2025-02-18,Bella Roma,Lunch,Espresso,Drinks,1,3,3,Online,4,T22
R20447,2025-02-18,La Trattoria,Lunch,Espresso,Drinks,1,3,3,Online,1,T13
R20511,2025-02-18,Bella Roma,Dinner,Diavola,Pizza,1,16,16,Phone,1,T22
R20587,2025-02-18,Bella Roma,Dinner,Panna Cotta,Dessert,2,7,14,Partner App,3,T06
R20765,2025-02-18,Bella Roma,Dinner,Espresso,Drinks,1,3,3,Walk-in,5,T14
R21071,2025-02-18,La Trattoria,Dinner,Gelato,Dessert,2,6,12,Partner App,1,T15
R21136,2025-02-18,Il Capriccio,Lunch,House Wine,Drinks,1,12,12,Online,6,T24
R20059,2025-02-19,Bella Roma,Dinner,Espresso,Drinks,1,3,3,Phone,4,T16
R20216,2025-02-19,Bella Roma,Lunch,Sparkling Water,Drinks,3,4,12,Partner App,1,T07
R20221,2025-02-19,Il Capriccio,Lunch,Spaghetti Carbonara,Pasta,2,16,32,Walk-in,4,T06
R20325,2025-02-19,Il Capriccio,Lunch,Spaghetti Carbonara,Pasta,2,16,32,Walk-in,4,T24
R20371,2025-02-19,La Trattoria,Dinner,Gelato,Dessert,1,6,6,Walk-in,3,T10
R20452,2025-02-19,Il Capriccio,Lunch,Sparkling Water,Drinks,1,4,4,Phone,2,T21
R20488,2025-02-19,Il Capriccio,Dinner,Margherita Pizza,Pizza,1,14,14,Phone,3,T08
R20546,2025-02-19,La Trattoria,Lunch,Quattro Stagioni,Pizza,1,18,18,Phone,3,T11
R21051,2025-02-19,Bella Roma,Lunch,Quattro Stagioni,Pizza,2,18,36,Partner App,2,T02
R20383,2025-02-20,La Trattoria,Lunch,Penne Arrabbiata,Pasta,1,14,14,Online,4,T23
R20423,2025-02-20,La Trattoria,Lunch,Panna Cotta,Dessert,1,7,7,Online,3,T12
R20496,2025-02-20,Bella Roma,Dinner,Tiramisu,Dessert,1,8,8,Online,2,T20
R20583,2025-02-20,La Trattoria,Lunch,Panna Cotta,Dessert,1,7,7,Online,2,T19
R20704,2025-02-20,La Trattoria,Lunch,Sparkling Water,Drinks,1,4,4,Partner App,2,T20
R20813,2025-02-20,Il Capriccio,Dinner,Sparkling Water,Drinks,2,4,8,Partner App,1,T13
R20895,2025-02-20,Il Capriccio,Lunch,Gelato,Dessert,1,6,6,Phone,2,T01
R20918,2025-02-20,La Trattoria,Lunch,Gelato,Dessert,3,6,18,Online,4,T02
R21137,2025-02-20,Il Capriccio,Dinner,Lasagna,Pasta,1,18,18,Partner App,2,T19
R21140,2025-02-20,Il Capriccio,Lunch,Spaghetti Carbonara,Pasta,2,16,32,Partner App,2,T08
R20162,2025-02-21,Bella Roma,Dinner,Margherita Pizza,Pizza,1,14,14,Walk-in,4,T09
R20175,2025-02-21,La Trattoria,Lunch,Panna Cotta,Dessert,1,7,7,Walk-in,2,T14
R20211,2025-02-21,La Trattoria,Lunch,Espresso,Drinks,1,3,3,Partner App,4,T14
R20250,2025-02-21,Bella Roma,Dinner,Sparkling Water,Drinks,2,4,8,Partner App,2,T25
R20591,2025-02-21,Il Capriccio,Lunch,Spaghetti Carbonara,Pasta,1,16,16,Partner App,6,T13
R20723,2025-02-21,Il Capriccio,Dinner,Sparkling Water,Drinks,1,4,4,Walk-in,2,T01
R20735,2025-02-21,La Trattoria,Lunch,Risotto ai Funghi,Pasta,1,19,19,Phone,2,T06
R20757,2025-02-21,Bella Roma,Lunch,Diavola,Pizza,1,16,16,Phone,4,T22
R20884,2025-02-21,Il Capriccio,Dinner,Espresso,Drinks,1,3,3,Walk-in,2,T21
R20949,2025-02-21,Il Capriccio,Lunch,Risotto ai Funghi,Pasta,1,19,19,Walk-in,2,T12
R21148,2025-02-21,La Trattoria,Lunch,Sparkling Water,Drinks,1,4,4,Online,2,T08
R20062,2025-02-22,Il Capriccio,Dinner,Lasagna,Pasta,2,18,36,Phone,3,T22
R20144,2025-02-22,Bella Roma,Dinner,Gelato,Dessert,1,6,6,Partner App,3,T19
R20333,2025-02-22,Bella Roma,Dinner,Risotto ai Funghi,Pasta,3,19,57,Online,1,T16
R20502,2025-02-22,Bella Roma,Dinner,House Wine,Drinks,1,12,12,Online,5,T24
R20675,2025-02-22,La Trattoria,Lunch,Penne Arrabbiata,Pasta,1,14,14,Phone,4,T01
R20858,2025-02-22,Il Capriccio,Lunch,Penne Arrabbiata,Pasta,1,14,14,Partner App,4,T22
R20860,2025-02-22,Bella Roma,Lunch,Risotto ai Funghi,Pasta,1,19,19,Partner App,1,T15
R20925,2025-02-22,La Trattoria,Dinner,Lasagna,Pasta,2,18,36,Partner App,2,T20
R21022,2025-02-22,Bella Roma,Lunch,Diavola,Pizza,1,16,16,Walk-in,1,T20
R21107,2025-02-22,Il Capriccio,Lunch,Margherita Pizza,Pizza,2,14,28,Phone,2,T07
R21163,2025-02-22,Bella Roma,Lunch,Gelato,Dessert,2,6,12,Online,1,T17
R21171,2025-02-22,Il Capriccio,Lunch,Quattro Stagioni,Pizza,2,18,36,Phone,2,T08
R21199,2025-02-22,La Trattoria,Dinner,Sparkling Water,Drinks,1,4,4,Online,2,T19
R20068,2025-02-23,Il Capriccio,Lunch,Margherita Pizza,Pizza,1,14,14,Online,3,T21
R20433,2025-02-23,La Trattoria,Dinner,Espresso,Drinks,1,3,3,Partner App,4,T24
R20551,2025-02-23,La Trattoria,Lunch,Spaghetti Carbonara,Pasta,2,16,32,Online,1,T13
R20666,2025-02-23,Bella Roma,Lunch,Tiramisu,Dessert,1,8,8,Phone,1,T04
R20670,2025-02-23,Il Capriccio,Dinner,Gelato,Dessert,1,6,6,Online,6,T10
R20672,2025-02-23,La Trattoria,Lunch,Sparkling Water,Drinks,1,4,4,Phone,6,T14
R20784,2025-02-23,La Trattoria,Dinner,Penne Arrabbiata,Pasta,1,14,14,Online,2,T06
R20797,2025-02-23,La Trattoria,Dinner,Margherita Pizza,Pizza,1,14,14,Phone,4,T16
R20922,2025-02-23,Il Capriccio,Dinner,Penne Arrabbiata,Pasta,1,14,14,Partner App,4,T11
R21096,2025-02-23,La Trattoria,Lunch,Sparkling Water,Drinks,2,4,8,Partner App,4,T25
R21153,2025-02-23,Bella Roma,Dinner,Penne Arrabbiata,Pasta,2,14,28,Phone,1,T25
R20028,2025-02-24,Il Capriccio,Dinner,Risotto ai Funghi,Pasta,1,19,19,Partner App,4,T22
R20719,2025-02-24,Bella Roma,Dinner,Diavola,Pizza,1,16,16,Phone,2,T16
R20815,2025-02-24,Il Capriccio,Dinner,Margherita Pizza,Pizza,2,14,28,Online,4,T11
R21070,2025-02-24,La Trattoria,Lunch,Panna Cotta,Dessert,1,7,7,Phone,2,T19
R20005,2025-02-25,La Trattoria,Dinner,Risotto ai Funghi,Pasta,1,19,19,Phone,2,T15
R20138,2025-02-25,Bella Roma,Dinner,Sparkling Water,Drinks,1,4,4,Phone,3,T03
R20348,2025-02-25,Il Capriccio,Lunch,Panna Cotta,Dessert,1,7,7,Phone,2,T05
R20363,2025-02-25,Bella Roma,Lunch,Panna Cotta,Dessert,2,7,14,Phone,2,T10
R20526,2025-02-25,Il Capriccio,Lunch,Tiramisu,Dessert,2,8,16,Online,2,T12
R20663,2025-02-25,Il Capriccio,Lunch,House Wine,Drinks,3,12,36,Walk-in,6,T02
R20754,2025-02-25,La Trattoria,Dinner,House Wine,Drinks,1,12,12,Phone,4,T24
R20247,2025-02-26,La Trattoria,Dinner,Risotto ai Funghi,Pasta,2,19,38,Phone,4,T13
R20289,2025-02-26,Il Capriccio,Lunch,Margherita Pizza,Pizza,1,14,14,Online,2,T24
R20427,2025-02-26,Bella Roma,Dinner,Spaghetti Carbonara,Pasta,1,16,16,Online,3,T01
R20522,2025-02-26,Il Capriccio,Dinner,Quattro Stagioni,Pizza,1,18,18,Online,3,T12
R20565,2025-02-26,Bella Roma,Dinner,Tiramisu,Dessert,3,8,24,Phone,4,T11
R20581,2025-02-26,Bella Roma,Lunch,Sparkling Water,Drinks,1,4,4,Walk-in,3,T02
R20620,2025-02-26,Bella Roma,Lunch,Lasagna,Pasta,2,18,36,Partner App,4,T12
R20759,2025-02-26,Bella Roma,Lunch,Margherita Pizza,Pizza,1,14,14,Phone,6,T04
R20808,2025-02-26,Bella Roma,Lunch,Sparkling Water,Drinks,1,4,4,Phone,2,T12
R21016,2025-02-26,La Trattoria,Dinner,Quattro Stagioni,Pizza,1,18,18,Phone,2,T13
R20089,2025-02-27,La Trattoria,Lunch,Margherita Pizza,Pizza,2,14,28,Walk-in,4,T10
R20167,2025-02-27,La Trattoria,Lunch,Gelato,Dessert,1,6,6,Walk-in,2,T01
R20187,2025-02-27,Il Capriccio,Dinner,Penne Arrabbiata,Pasta,1,14,14,Phone,4,T18
R20226,2025-02-27,Bella Roma,Lunch,Espresso,Drinks,1,3,3,Online,1,T02
R20233,2025-02-27,Il Capriccio,Dinner,Lasagna,Pasta,3,18,54,Phone,3,T13
R20332,2025-02-27,La Trattoria,Lunch,Margherita Pizza,Pizza,1,14,14,Walk-in,5,T18
R20376,2025-02-27,Il Capriccio,Lunch,Margherita Pizza,Pizza,2,14,28,Phone,3,T13
R20406,2025-02-27,Bella Roma,Lunch,Espresso,Drinks,1,3,3,Partner App,1,T12
R20492,2025-02-27,Il Capriccio,Dinner,Quattro Stagioni,Pizza,1,18,18,Walk-in,2,T25
R20560,2025-02-27,Bella Roma,Dinner,Gelato,Dessert,2,6,12,Walk-in,6,T25
R20602,2025-02-27,Bella Roma,Dinner,Penne Arrabbiata,Pasta,1,14,14,Online,2,T24
R20624,2025-02-27,Bella Roma,Lunch,Sparkling Water,Drinks,1,4,4,Phone,2,T21
R20630,2025-02-27,La Trattoria,Dinner,Tiramisu,Dessert,2,8,16,Walk-in,2,T14
R20644,2025-02-27,Bella Roma,Lunch,Tiramisu,Dessert,1,8,8,Partner App,6,T20
R20725,2025-02-27,La Trattoria,Dinner,Spaghetti Carbonara,Pasta,1,16,16,Walk-in,5,T15
R20842,2025-02-27,Bella Roma,Lunch,Sparkling Water,Drinks,1,4,4,Phone,2,T03
R20850,2025-02-27,Bella Roma,Dinner,Sparkling Water,Drinks,1,4,4,Partner App,4,T14
R20908,2025-02-27,Bella Roma,Dinner,Gelato,Dessert,1,6,6,Phone,2,T09
R21042,2025-02-27,Bella Roma,Dinner,Diavola,Pizza,1,16,16,Online,5,T21
R21060,2025-02-27,Il Capriccio,Dinner,Diavola,Pizza,1,16,16,Partner App,5,T03
R21088,2025-02-27,Bella Roma,Lunch,Spaghetti Carbonara,Pasta,1,16,16,Partner App,3,T19
R21103,2025-02-27,La Trattoria,Dinner,Penne Arrabbiata,Pasta,2,14,28,Phone,1,T12
R20140,2025-02-28,Il Capriccio,Lunch,Penne Arrabbiata,Pasta,3,14,42,Online,6,T25
R20243,2025-02-28,Il Capriccio,Lunch,Tiramisu,Dessert,1,8,8,Walk-in,2,T21
R20268,2025-02-28,Bella Roma,Lunch,Lasagna,Pasta,1,18,18,Walk-in,1,T20
R20360,2025-02-28,Il Capriccio,Lunch,House Wine,Drinks,2,12,24,Walk-in,3,T12
R20370,2025-02-28,La Trattoria,Dinner,Diavola,Pizza,2,16,32,Partner App,3,T11
R20411,2025-02-28,Il Capriccio,Dinner,Sparkling Water,Drinks,1,4,4,Walk-in,4,T25
R20461,2025-02-28,Bella Roma,Lunch,House Wine,Drinks,1,12,12,Online,1,T09
R20462,2025-02-28,La Trattoria,Dinner,Quattro Stagioni,Pizza,1,18,18,Online,1,T14
R20639,2025-02-28,Il Capriccio,Dinner,Diavola,Pizza,1,16,16,Online,6,T20
R21057,2025-02-28,La Trattoria,Lunch,Margherita Pizza,Pizza,2,14,28,Partner App,1,T15
R21170,2025-02-28,Bella Roma,Lunch,Quattro Stagioni,Pizza,2,18,36,Online,3,T07
R20009,2025-03-01,Il Capriccio,Dinner,Risotto ai Funghi,Pasta,2,19,38,Phone,1,T17
R20153,2025-03-01,Il Capriccio,Lunch,Margherita Pizza,Pizza,1,14,14,Walk-in,3,T09
R20259,2025-03-01,Il Capriccio,Dinner,Risotto ai Funghi,Pasta,3,19,57,Walk-in,3,T06
R20574,2025-03-01,La Trattoria,Dinner,Risotto ai Funghi,Pasta,1,19,19,Online,2,T21
R20595,2025-03-01,Il Capriccio,Lunch,Margherita Pizza,Pizza,2,14,28,Partner App,3,T01
R20913,2025-03-01,Il Capriccio,Lunch,Margherita Pizza,Pizza,1,14,14,Partner App,4,T21
R20915,2025-03-01,Bella Roma,Dinner,Risotto ai Funghi,Pasta,2,19,38,Phone,1,T06
R21039,2025-03-01,Il Capriccio,Lunch,Panna Cotta,Dessert,1,7,7,Walk-in,3,T17
R20043,2025-03-02,La Trattoria,Dinner,Panna Cotta,Dessert,2,7,14,Partner App,2,T15
R20108,2025-03-02,La Trattoria,Dinner,Lasagna,Pasta,1,18,18,Partner App,3,T22
R20230,2025-03-02,Bella Roma,Dinner,Sparkling Water,Drinks,1,4,4,Walk-in,4,T01
R20313,2025-03-02,Il Capriccio,Lunch,Quattro Stagioni,Pizza,1,18,18,Partner App,1,T12
R20453,2025-03-02,La Trattoria,Lunch,Lasagna,Pasta,1,18,18,Online,5,T12
R20721,2025-03-02,Il Capriccio,Lunch,Diavola,Pizza,1,16,16,Online,3,T13
R20795,2025-03-02,Bella Roma,Lunch,House Wine,Drinks,1,12,12,Phone,4,T14
R20897,2025-03-02,Il Capriccio,Dinner,Quattro Stagioni,Pizza,1,18,18,Walk-in,3,T20
R20989,2025-03-02,La Trattoria,Dinner,Quattro Stagioni,Pizza,1,18,18,Walk-in,2,T14
R20031,2025-03-03,Il Capriccio,Dinner,House Wine,Drinks,1,12,12,Online,4,T06
R20041,2025-03-03,Il Capriccio,Dinner,Lasagna,Pasta,2,18,36,Online,4,T04
R20170,2025-03-03,Il Capriccio,Lunch,Espresso,Drinks,3,3,9,Walk-in,2,T08
R20260,2025-03-03,Il Capriccio,Dinner,Gelato,Dessert,1,6,6,Phone,4,T08
R20354,2025-03-03,La Trattoria,Lunch,Quattro Stagioni,Pizza,2,18,36,Phone,2,T04
R20413,2025-03-03,Bella Roma,Dinner,Spaghetti Carbonara,Pasta,1,16,16,Partner App,6,T25
R20417,2025-03-03,Il Capriccio,Lunch,Risotto ai Funghi,Pasta,1,19,19,Partner App,1,T02
R20561,2025-03-03,Bella Roma,Dinner,Penne Arrabbiata,Pasta,1,14,14,Walk-in,2,T16
R20892,2025-03-03,Il Capriccio,Lunch,Diavola,Pizza,2,16,32,Online,2,T11
R21097,2025-03-03,Bella Roma,Dinner,Gelato,Dessert,2,6,12,Phone,3,T08
R21180,2025-03-03,La Trattoria,Dinner,Spaghetti Carbonara,Pasta,1,16,16,Phone,2,T08
R20111,2025-03-04,La Trattoria,Lunch,Spaghetti Carbonara,Pasta,1,16,16,Online,2,T16
R20234,2025-03-04,Il Capriccio,Dinner,Panna Cotta,Dessert,1,7,7,Partner App,3,T01
R20350,2025-03-04,La Trattoria,Dinner,Margherita Pizza,Pizza,1,14,14,Online,2,T05
R20479,2025-03-04,La Trattoria,Lunch,Espresso,Drinks,3,3,9,Partner App,2,T24
R20571,2025-03-04,La Trattoria,Dinner,Risotto ai Funghi,Pasta,1,19,19,Walk-in,2,T13
R20732,2025-03-04,La Trattoria,Lunch,Gelato,Dessert,3,6,18,Online,4,T04
R20835,2025-03-04,Il Capriccio,Dinner,Gelato,Dessert,3,6,18,Phone,1,T18
R20906,2025-03-04,La Trattoria,Lunch,Tiramisu,Dessert,1,8,8,Online,1,T24
R20916,2025-03-04,Bella Roma,Dinner,Diavola,Pizza,1,16,16,Phone,2,T12
R20963,2025-03-04,La Trattoria,Dinner,Spaghetti Carbonara,Pasta,1,16,16,Partner App,4,T20
R21168,2025-03-04,Il Capriccio,Dinner,Penne Arrabbiata,Pasta,1,14,14,Phone,2,T25
R20282,2025-03-05,La Trattoria,Lunch,Penne Arrabbiata,Pasta,1,14,14,Walk-in,4,T08
R20697,2025-03-05,La Trattoria,Dinner,Quattro Stagioni,Pizza,1,18,18,Online,3,T08
R20776,2025-03-05,La Trattoria,Dinner,Lasagna,Pasta,1,18,18,Walk-in,2,T08
R20794,2025-03-05,La Trattoria,Lunch,House Wine,Drinks,1,12,12,Phone,4,T07
R20801,2025-03-05,Il Capriccio,Lunch,Diavola,Pizza,1,16,16,Partner App,6,T23
R20926,2025-03-05,La Trattoria,Dinner,Espresso,Drinks,1,3,3,Online,3,T14
R21078,2025-03-05,Il Capriccio,Lunch,Spaghetti Carbonara,Pasta,1,16,16,Phone,1,T03
R21191,2025-03-05,Il Capriccio,Dinner,Panna Cotta,Dessert,1,7,7,Online,2,T17
R21196,2025-03-05,Bella Roma,Dinner,Panna Cotta,Dessert,2,7,14,Online,1,T01
R20344,2025-03-06,La Trattoria,Dinner,Risotto ai Funghi,Pasta,1,19,19,Walk-in,2,T18
R20369,2025-03-06,Bella Roma,Lunch,Panna Cotta,Dessert,1,7,7,Walk-in,3,T05
R20402,2025-03-06,Il Capriccio,Lunch,Espresso,Drinks,1,3,3,Partner App,4,T24
R20621,2025-03-06,Il Capriccio,Lunch,House Wine,Drinks,3,12,36,Walk-in,1,T18
R20640,2025-03-06,La Trattoria,Lunch,Sparkling Water,Drinks,1,4,4,Online,4,T08
R20720,2025-03-06,Bella Roma,Lunch,Penne Arrabbiata,Pasta,1,14,14,Phone,4,T16
R20802,2025-03-06,Il Capriccio,Dinner,Penne Arrabbiata,Pasta,1,14,14,Partner App,4,T24
R20806,2025-03-06,Il Capriccio,Lunch,Sparkling Water,Drinks,1,4,4,Walk-in,3,T18
R21011,2025-03-06,Bella Roma,Lunch,Sparkling Water,Drinks,1,4,4,Online,2,T20
R21110,2025-03-06,La Trattoria,Dinner,Lasagna,Pasta,1,18,18,Phone,2,T10
R20056,2025-03-07,La Trattoria,Dinner,Espresso,Drinks,1,3,3,Phone,6,T19
R20073,2025-03-07,Il Capriccio,Lunch,House Wine,Drinks,1,12,12,Online,2,T25
R20104,2025-03-07,Bella Roma,Dinner,Espresso,Drinks,1,3,3,Phone,1,T17
R20327,2025-03-07,Il Capriccio,Dinner,Quattro Stagioni,Pizza,1,18,18,Online,3,T10
R20396,2025-03-07,Bella Roma,Dinner,Sparkling Water,Drinks,1,4,4,Partner App,2,T09
R20515,2025-03-07,Bella Roma,Dinner,Espresso,Drinks,1,3,3,Walk-in,1,T09
R20582,2025-03-07,Bella Roma,Dinner,Penne Arrabbiata,Pasta,1,14,14,Partner App,3,T15
R20692,2025-03-07,Bella Roma,Dinner,Espresso,Drinks,1,3,3,Phone,3,T22
R20710,2025-03-07,Bella Roma,Lunch,Penne Arrabbiata,Pasta,1,14,14,Online,3,T23
R20789,2025-03-07,La Trattoria,Dinner,Diavola,Pizza,1,16,16,Phone,3,T06
R20932,2025-03-07,Bella Roma,Dinner,Gelato,Dessert,2,6,12,Walk-in,2,T04
R21144,2025-03-07,Il Capriccio,Dinner,Penne Arrabbiata,Pasta,3,14,42,Online,5,T07
R21175,2025-03-07,La Trattoria,Dinner,Gelato,Dessert,3,6,18,Phone,1,T05
R20048,2025-03-08,Bella Roma,Lunch,Sparkling Water,Drinks,1,4,4,Online,1,T22
R20119,2025-03-08,Bella Roma,Lunch,Espresso,Drinks,1,3,3,Online,2,T05
R20180,2025-03-08,Bella Roma,Lunch,Risotto ai Funghi,Pasta,1,19,19,Phone,3,T08
R20235,2025-03-08,Il Capriccio,Dinner,Risotto ai Funghi,Pasta,1,19,19,Walk-in,6,T10
R20242,2025-03-08,Il Capriccio,Lunch,Margherita Pizza,Pizza,1,14,14,Online,3,T16
R20347,2025-03-08,Bella Roma,Lunch,Spaghetti Carbonara,Pasta,1,16,16,Phone,2,T11
R20438,2025-03-08,Bella Roma,Lunch,Spaghetti Carbonara,Pasta,1,16,16,Phone,2,T10
R20521,2025-03-08,Il Capriccio,Dinner,Penne Arrabbiata,Pasta,1,14,14,Partner App,1,T14
R20635,2025-03-08,Bella Roma,Dinner,Risotto ai Funghi,Pasta,1,19,19,Walk-in,3,T06
R20796,2025-03-08,Bella Roma,Dinner,House Wine,Drinks,1,12,12,Walk-in,2,T12
R20863,2025-03-08,Il Capriccio,Dinner,Sparkling Water,Drinks,1,4,4,Online,3,T08
R20899,2025-03-08,Il Capriccio,Dinner,Spaghetti Carbonara,Pasta,1,16,16,Phone,3,T21
R21162,2025-03-08,Il Capriccio,Dinner,Tiramisu,Dessert,1,8,8,Online,4,T05
R20204,2025-03-09,La Trattoria,Dinner,Gelato,Dessert,2,6,12,Partner App,5,T01
R20577,2025-03-09,Bella Roma,Dinner,Panna Cotta,Dessert,1,7,7,Partner App,5,T20
R20684,2025-03-09,Bella Roma,Lunch,Espresso,Drinks,3,3,9,Online,1,T01
R20713,2025-03-09,Il Capriccio,Dinner,House Wine,Drinks,1,12,12,Walk-in,3,T01
R20743,2025-03-09,Bella Roma,Lunch,Quattro Stagioni,Pizza,1,18,18,Partner App,4,T21
R21064,2025-03-09,La Trattoria,Dinner,Sparkling Water,Drinks,1,4,4,Walk-in,2,T01
R21080,2025-03-09,Bella Roma,Dinner,Risotto ai Funghi,Pasta,2,19,38,Partner App,2,T17
R20159,2025-03-10,Il Capriccio,Dinner,Diavola,Pizza,1,16,16,Phone,2,T24
R20279,2025-03-10,Bella Roma,Dinner,Lasagna,Pasta,1,18,18,Online,2,T25
R20336,2025-03-10,Il Capriccio,Dinner,Tiramisu,Dessert,2,8,16,Phone,3,T19
R20464,2025-03-10,Il Capriccio,Dinner,Tiramisu,Dessert,2,8,16,Phone,2,T06
R20508,2025-03-10,Il Capriccio,Lunch,Margherita Pizza,Pizza,1,14,14,Online,2,T03
R20651,2025-03-10,Bella Roma,Lunch,Panna Cotta,Dessert,1,7,7,Walk-in,1,T09
R20857,2025-03-10,Il Capriccio,Dinner,Gelato,Dessert,1,6,6,Partner App,4,T15
R20049,2025-03-11,Il Capriccio,Lunch,Risotto ai Funghi,Pasta,1,19,19,Online,3,T24
R20058,2025-03-11,La Trattoria,Lunch,Espresso,Drinks,1,3,3,Phone,6,T20
R20084,2025-03-11,La Trattoria,Lunch,Panna Cotta,Dessert,1,7,7,Phone,1,T07
R20123,2025-03-11,Il Capriccio,Lunch,Penne Arrabbiata,Pasta,1,14,14,Walk-in,2,T09
R20197,2025-03-11,La Trattoria,Lunch,Sparkling Water,Drinks,1,4,4,Partner App,1,T05
R20312,2025-03-11,La Trattoria,Lunch,Margherita Pizza,Pizza,1,14,14,Walk-in,3,T09
R20364,2025-03-11,Il Capriccio,Lunch,Sparkling Water,Drinks,1,4,4,Online,2,T10
R20525,2025-03-11,La Trattoria,Dinner,Quattro Stagioni,Pizza,3,18,54,Walk-in,1,T23
R20671,2025-03-11,Bella Roma,Lunch,Margherita Pizza,Pizza,2,14,28,Walk-in,4,T03
R21047,2025-03-11,Bella Roma,Dinner,Panna Cotta,Dessert,1,7,7,Online,2,T04
R20150,2025-03-12,Il Capriccio,Lunch,House Wine,Drinks,1,12,12,Walk-in,5,T24
R20192,2025-03-12,Il Capriccio,Dinner,Spaghetti Carbonara,Pasta,3,16,48,Partner App,2,T23
R20295,2025-03-12,Il Capriccio,Lunch,Diavola,Pizza,1,16,16,Online,4,T22
R20308,2025-03-12,La Trattoria,Dinner,Sparkling Water,Drinks,1,4,4,Phone,1,T16
R20549,2025-03-12,La Trattoria,Dinner,House Wine,Drinks,1,12,12,Walk-in,4,T06
R20554,2025-03-12,La Trattoria,Lunch,Risotto ai Funghi,Pasta,1,19,19,Phone,2,T23
R20626,2025-03-12,Bella Roma,Dinner,Lasagna,Pasta,2,18,36,Phone,4,T02
R20868,2025-03-12,Bella Roma,Dinner,Lasagna,Pasta,1,18,18,Walk-in,5,T12
R20025,2025-03-13,Il Capriccio,Lunch,House Wine,Drinks,3,12,36,Phone,2,T18
R20079,2025-03-13,La Trattoria,Lunch,Sparkling Water,Drinks,1,4,4,Partner App,2,T06
R20130,2025-03-13,Bella Roma,Dinner,Margherita Pizza,Pizza,1,14,14,Walk-in,3,T10
R20200,2025-03-13,Bella Roma,Lunch,Sparkling Water,Drinks,1,4,4,Walk-in,6,T15
R20225,2025-03-13,La Trattoria,Dinner,Spaghetti Carbonara,Pasta,1,16,16,Phone,5,T12
R20291,2025-03-13,Bella Roma,Dinner,House Wine,Drinks,1,12,12,Online,2,T21
R20457,2025-03-13,La Trattoria,Lunch,Penne Arrabbiata,Pasta,1,14,14,Online,2,T17
R20498,2025-03-13,Il Capriccio,Dinner,Diavola,Pizza,1,16,16,Phone,2,T22
R20548,2025-03-13,Il Capriccio,Dinner,Risotto ai Funghi,Pasta,2,19,38,Walk-in,4,T01
R20599,2025-03-13,Bella Roma,Lunch,House Wine,Drinks,1,12,12,Online,1,T12
R20643,2025-03-13,Il Capriccio,Lunch,Penne Arrabbiata,Pasta,1,14,14,Walk-in,4,T01
R20771,2025-03-13,Bella Roma,Dinner,Gelato,Dessert,2,6,12,Online,5,T19
R20883,2025-03-13,Bella Roma,Lunch,Quattro Stagioni,Pizza,1,18,18,Walk-in,2,T02
R21066,2025-03-13,Il Capriccio,Lunch,Margherita Pizza,Pizza,1,14,14,Walk-in,1,T03
R20019,2025-03-14,Il Capriccio,Dinner,House Wine,Drinks,1,12,12,Phone,3,T12
R20330,2025-03-14,Il Capriccio,Lunch,Tiramisu,Dessert,3,8,24,Partner App,6,T12
R20459,2025-03-14,Bella Roma,Dinner,Panna Cotta,Dessert,2,7,14,Walk-in,1,T12
R20474,2025-03-14,Il Capriccio,Lunch,Spaghetti Carbonara,Pasta,1,16,16,Phone,3,T13
R20518,2025-03-14,La Trattoria,Lunch,Espresso,Drinks,3,3,9,Online,1,T09
R20616,2025-03-14,Il Capriccio,Lunch,Risotto ai Funghi,Pasta,1,19,19,Partner App,2,T12
R20382,2025-03-15,La Trattoria,Lunch,Spaghetti Carbonara,Pasta,2,16,32,Partner App,2,T21
R20429,2025-03-15,Bella Roma,Dinner,Lasagna,Pasta,3,18,54,Phone,6,T10
R20578,2025-03-15,La Trattoria,Lunch,House Wine,Drinks,1,12,12,Online,2,T20
R20752,2025-03-15,Bella Roma,Dinner,Tiramisu,Dessert,1,8,8,Online,1,T12
R20780,2025-03-15,La Trattoria,Dinner,Diavola,Pizza,1,16,16,Online,3,T03
R20804,2025-03-15,La Trattoria,Lunch,Sparkling Water,Drinks,1,4,4,Partner App,2,T17
R20859,2025-03-15,La Trattoria,Lunch,Penne Arrabbiata,Pasta,1,14,14,Online,2,T23
R20903,2025-03-15,La Trattoria,Lunch,Panna Cotta,Dessert,1,7,7,Online,4,T24
R20917,2025-03-15,Il Capriccio,Dinner,Diavola,Pizza,1,16,16,Online,6,T12
R20116,2025-03-16,Bella Roma,Dinner,Tiramisu,Dessert,1,8,8,Online,2,T09
R20139,2025-03-16,Il Capriccio,Lunch,Margherita Pizza,Pizza,1,14,14,Partner App,4,T19
R20288,2025-03-16,La Trattoria,Dinner,Panna Cotta,Dessert,1,7,7,Online,4,T18
R20378,2025-03-16,Il Capriccio,Lunch,Quattro Stagioni,Pizza,2,18,36,Walk-in,1,T08
R20486,2025-03-16,La Trattoria,Dinner,Espresso,Drinks,1,3,3,Online,2,T06
R20516,2025-03-16,La Trattoria,Lunch,House Wine,Drinks,3,12,36,Walk-in,2,T23
R20556,2025-03-16,La Trattoria,Dinner,Diavola,Pizza,1,16,16,Partner App,1,T02
R20558,2025-03-16,Il Capriccio,Lunch,Panna Cotta,Dessert,1,7,7,Online,3,T18
R20618,2025-03-16,Il Capriccio,Lunch,Tiramisu,Dessert,1,8,8,Online,2,T13
R20737,2025-03-16,Bella Roma,Lunch,Quattro Stagioni,Pizza,2,18,36,Partner App,3,T16
R20787,2025-03-16,Bella Roma,Lunch,Penne Arrabbiata,Pasta,2,14,28,Phone,2,T06
R20919,2025-03-16,Bella Roma,Dinner,Quattro Stagioni,Pizza,2,18,36,Partner App,2,T07
R21043,2025-03-16,Il Capriccio,Lunch,Sparkling Water,Drinks,2,4,8,Phone,2,T06
R21105,2025-03-16,Bella Roma,Dinner,Spaghetti Carbonara,Pasta,1,16,16,Phone,2,T08
R20057,2025-03-17,La Trattoria,Dinner,Panna Cotta,Dessert,1,7,7,Online,2,T06
R20177,2025-03-17,Bella Roma,Lunch,Tiramisu,Dessert,1,8,8,Phone,3,T22
R20214,2025-03-17,Il Capriccio,Lunch,Quattro Stagioni,Pizza,1,18,18,Phone,4,T13
R20661,2025-03-17,Il Capriccio,Lunch,Sparkling Water,Drinks,2,4,8,Walk-in,1,T01
R20783,2025-03-17,Bella Roma,Lunch,Spaghetti Carbonara,Pasta,1,16,16,Walk-in,2,T22
R20967,2025-03-17,Bella Roma,Dinner,Quattro Stagioni,Pizza,2,18,36,Walk-in,4,T05
R20026,2025-03-18,La Trattoria,Lunch,Gelato,Dessert,1,6,6,Partner App,6,T02
R20072,2025-03-18,La Trattoria,Lunch,Espresso,Drinks,1,3,3,Phone,4,T14
R20080,2025-03-18,Il Capriccio,Lunch,Espresso,Drinks,2,3,6,Walk-in,1,T13
R20443,2025-03-18,Il Capriccio,Lunch,Risotto ai Funghi,Pasta,1,19,19,Partner App,4,T05
R20601,2025-03-18,Il Capriccio,Dinner,Margherita Pizza,Pizza,1,14,14,Walk-in,2,T14
R20995,2025-03-18,Bella Roma,Dinner,Spaghetti Carbonara,Pasta,2,16,32,Walk-in,5,T02
R21033,2025-03-18,Bella Roma,Dinner,Diavola,Pizza,1,16,16,Partner App,3,T13
R20224,2025-03-19,La Trattoria,Lunch,Tiramisu,Dessert,1,8,8,Partner App,2,T25
R20228,2025-03-19,Il Capriccio,Dinner,House Wine,Drinks,1,12,12,Phone,4,T24
R20343,2025-03-19,Il Capriccio,Dinner,House Wine,Drinks,1,12,12,Phone,2,T25
R20351,2025-03-19,La Trattoria,Lunch,Risotto ai Funghi,Pasta,1,19,19,Online,3,T01
R20352,2025-03-19,Il Capriccio,Lunch,Penne Arrabbiata,Pasta,1,14,14,Phone,3,T19
R20374,2025-03-19,Bella Roma,Dinner,Panna Cotta,Dessert,1,7,7,Walk-in,2,T19
R20592,2025-03-19,Il Capriccio,Lunch,Quattro Stagioni,Pizza,3,18,54,Online,3,T13
R20686,2025-03-19,La Trattoria,Lunch,Tiramisu,Dessert,1,8,8,Partner App,2,T25
R20809,2025-03-19,La Trattoria,Dinner,Risotto ai Funghi,Pasta,1,19,19,Phone,3,T23
R20947,2025-03-19,Il Capriccio,Lunch,Spaghetti Carbonara,Pasta,1,16,16,Partner App,4,T01
R21037,2025-03-19,La Trattoria,Dinner,Quattro Stagioni,Pizza,1,18,18,Online,2,T06
R20000,2025-03-20,Bella Roma,Dinner,Sparkling Water,Drinks,1,4,4,Walk-in,2,T16
R20066,2025-03-20,La Trattoria,Lunch,Risotto ai Funghi,Pasta,1,19,19,Partner App,1,T23
R20190,2025-03-20,Il Capriccio,Dinner,Quattro Stagioni,Pizza,1,18,18,Partner App,3,T19
R20203,2025-03-20,Il Capriccio,Lunch,Espresso,Drinks,1,3,3,Online,4,T01
R20388,2025-03-20,Bella Roma,Dinner,Gelato,Dessert,1,6,6,Phone,4,T24
R20455,2025-03-20,La Trattoria,Lunch,Lasagna,Pasta,1,18,18,Phone,2,T21
R20527,2025-03-20,Bella Roma,Lunch,Quattro Stagioni,Pizza,1,18,18,Walk-in,3,T14
R20653,2025-03-20,Bella Roma,Lunch,Panna Cotta,Dessert,1,7,7,Partner App,3,T10
R20696,2025-03-20,Il Capriccio,Lunch,Diavola,Pizza,1,16,16,Phone,3,T04
R20847,2025-03-20,Il Capriccio,Lunch,Risotto ai Funghi,Pasta,2,19,38,Partner App,2,T23
R21082,2025-03-20,La Trattoria,Lunch,Lasagna,Pasta,1,18,18,Phone,1,T19
R21118,2025-03-20,La Trattoria,Dinner,Quattro Stagioni,Pizza,2,18,36,Partner App,2,T11
R21160,2025-03-20,Il Capriccio,Dinner,Diavola,Pizza,1,16,16,Online,1,T17
R21164,2025-03-20,La Trattoria,Lunch,Panna Cotta,Dessert,1,7,7,Partner App,4,T11
R21182,2025-03-20,Bella Roma,Dinner,Risotto ai Funghi,Pasta,1,19,19,Phone,5,T25
R20256,2025-03-21,Il Capriccio,Dinner,Margherita Pizza,Pizza,1,14,14,Walk-in,3,T07
R20284,2025-03-21,Bella Roma,Lunch,Diavola,Pizza,1,16,16,Online,3,T25
R20318,2025-03-21,Il Capriccio,Lunch,Tiramisu,Dessert,1,8,8,Partner App,2,T07
R20356,2025-03-21,Il Capriccio,Dinner,Lasagna,Pasta,1,18,18,Partner App,2,T23
R20385,2025-03-21,Il Capriccio,Lunch,Gelato,Dessert,1,6,6,Phone,3,T14
R20722,2025-03-21,Il Capriccio,Dinner,Gelato,Dessert,1,6,6,Partner App,3,T12
R20799,2025-03-21,Il Capriccio,Lunch,Margherita Pizza,Pizza,1,14,14,Phone,2,T03
R20879,2025-03-21,Bella Roma,Lunch,Gelato,Dessert,3,6,18,Partner App,2,T23
R21054,2025-03-21,La Trattoria,Dinner,Espresso,Drinks,1,3,3,Online,1,T02
R21179,2025-03-21,Il Capriccio,Dinner,Espresso,Drinks,1,3,3,Partner App,4,T10
R20051,2025-03-22,Il Capriccio,Dinner,Tiramisu,Dessert,1,8,8,Partner App,1,T02
R20151,2025-03-22,Il Capriccio,Lunch,Quattro Stagioni,Pizza,1,18,18,Walk-in,2,T09
R20271,2025-03-22,La Trattoria,Dinner,Panna Cotta,Dessert,1,7,7,Partner App,4,T21
R20315,2025-03-22,Bella Roma,Dinner,Sparkling Water,Drinks,1,4,4,Walk-in,4,T24
R20716,2025-03-22,Bella Roma,Dinner,Panna Cotta,Dessert,2,7,14,Phone,1,T12
R20777,2025-03-22,Bella Roma,Lunch,Lasagna,Pasta,1,18,18,Partner App,3,T14
R20887,2025-03-22,Il Capriccio,Lunch,Tiramisu,Dessert,1,8,8,Phone,4,T04
R20888,2025-03-22,La Trattoria,Lunch,Sparkling Water,Drinks,1,4,4,Walk-in,4,T22
R20962,2025-03-22,La Trattoria,Dinner,House Wine,Drinks,1,12,12,Walk-in,1,T17
R21091,2025-03-22,La Trattoria,Dinner,Tiramisu,Dessert,2,8,16,Online,6,T23
R21127,2025-03-22,La Trattoria,Lunch,Penne Arrabbiata,Pasta,1,14,14,Partner App,3,T10
R21192,2025-03-22,Il Capriccio,Dinner,Espresso,Drinks,2,3,6,Partner App,4,T16
R20001,2025-03-23,Bella Roma,Lunch,Quattro Stagioni,Pizza,2,18,36,Online,2,T15
R20007,2025-03-23,Bella Roma,Dinner,Gelato,Dessert,1,6,6,Phone,1,T19
R20027,2025-03-23,Il Capriccio,Dinner,Quattro Stagioni,Pizza,2,18,36,Online,2,T03
R20098,2025-03-23,Bella Roma,Lunch,Gelato,Dessert,1,6,6,Partner App,2,T08
R20399,2025-03-23,Bella Roma,Lunch,Tiramisu,Dessert,2,8,16,Walk-in,3,T16
R20420,2025-03-23,Bella Roma,Dinner,Tiramisu,Dessert,1,8,8,Walk-in,3,T10
R20448,2025-03-23,Il Capriccio,Lunch,Sparkling Water,Drinks,1,4,4,Partner App,1,T06
R20569,2025-03-23,La Trattoria,Lunch,Panna Cotta,Dessert,1,7,7,Phone,2,T04
R20929,2025-03-23,La Trattoria,Lunch,House Wine,Drinks,1,12,12,Phone,2,T04
R20976,2025-03-23,Bella Roma,Lunch,Diavola,Pizza,1,16,16,Phone,5,T05
R20978,2025-03-23,Il Capriccio,Dinner,Spaghetti Carbonara,Pasta,1,16,16,Phone,1,T23
R20998,2025-03-23,Bella Roma,Dinner,Penne Arrabbiata,Pasta,1,14,14,Phone,6,T08
R21075,2025-03-23,Bella Roma,Lunch,Espresso,Drinks,1,3,3,Online,3,T11
R21139,2025-03-23,Bella Roma,Dinner,Margherita Pizza,Pizza,1,14,14,Phone,1,T02
R20143,2025-03-24,La Trattoria,Dinner,Quattro Stagioni,Pizza,2,18,36,Online,4,T12
R20188,2025-03-24,Il Capriccio,Dinner,Quattro Stagioni,Pizza,1,18,18,Phone,4,T05
R20553,2025-03-24,Il Capriccio,Lunch,Margherita Pizza,Pizza,1,14,14,Walk-in,3,T02
R20615,2025-03-24,Bella Roma,Lunch,Penne Arrabbiata,Pasta,2,14,28,Partner App,6,T06
R20705,2025-03-24,Bella Roma,Lunch,Spaghetti Carbonara,Pasta,1,16,16,Walk-in,2,T20
R20746,2025-03-24,Il Capriccio,Lunch,Panna Cotta,Dessert,2,7,14,Walk-in,2,T16
R20827,2025-03-24,Il Capriccio,Lunch,Sparkling Water,Drinks,1,4,4,Partner App,2,T17
R20898,2025-03-24,Il Capriccio,Lunch,Spaghetti Carbonara,Pasta,1,16,16,Online,4,T05
R20936,2025-03-24,La Trattoria,Dinner,Diavola,Pizza,1,16,16,Partner App,3,T11
R20964,2025-03-24,Il Capriccio,Lunch,Espresso,Drinks,1,3,3,Phone,2,T02
R21002,2025-03-24,Bella Roma,Lunch,Lasagna,Pasta,1,18,18,Online,2,T10
R21006,2025-03-24,Il Capriccio,Lunch,Espresso,Drinks,3,3,9,Partner App,2,T13
R21152,2025-03-24,La Trattoria,Dinner,Panna Cotta,Dessert,2,7,14,Phone,2,T02
R21181,2025-03-24,Bella Roma,Lunch,Quattro Stagioni,Pizza,1,18,18,Online,4,T05
R20168,2025-03-25,La Trattoria,Lunch,Sparkling Water,Drinks,2,4,8,Phone,2,T04
R20169,2025-03-25,Bella Roma,Lunch,Lasagna,Pasta,1,18,18,Online,3,T24
R20222,2025-03-25,La Trattoria,Lunch,Gelato,Dessert,1,6,6,Online,2,T03
R20252,2025-03-25,Bella Roma,Dinner,Quattro Stagioni,Pizza,1,18,18,Partner App,2,T02
R20394,2025-03-25,La Trattoria,Lunch,Tiramisu,Dessert,1,8,8,Walk-in,2,T09
R20414,2025-03-25,Il Capriccio,Lunch,Tiramisu,Dessert,1,8,8,Partner App,2,T12
R20637,2025-03-25,Bella Roma,Dinner,Margherita Pizza,Pizza,3,14,42,Partner App,1,T15
R20674,2025-03-25,Il Capriccio,Dinner,Tiramisu,Dessert,1,8,8,Walk-in,1,T19
R20894,2025-03-25,Bella Roma,Lunch,Lasagna,Pasta,2,18,36,Partner App,3,T17
R20970,2025-03-25,Il Capriccio,Lunch,Sparkling Water,Drinks,1,4,4,Partner App,2,T09
R20122,2025-03-26,La Trattoria,Lunch,Lasagna,Pasta,1,18,18,Partner App,2,T06
R20391,2025-03-26,Bella Roma,Lunch,Penne Arrabbiata,Pasta,3,14,42,Partner App,2,T01
R20401,2025-03-26,Bella Roma,Lunch,Penne Arrabbiata,Pasta,3,14,42,Online,4,T14
R20542,2025-03-26,Bella Roma,Dinner,Tiramisu,Dessert,1,8,8,Walk-in,2,T17
R20550,2025-03-26,Bella Roma,Dinner,Tiramisu,Dessert,1,8,8,Partner App,1,T17
R20619,2025-03-26,Il Capriccio,Dinner,Diavola,Pizza,1,16,16,Walk-in,4,T09
R20659,2025-03-26,Il Capriccio,Dinner,Diavola,Pizza,1,16,16,Phone,3,T05
R20896,2025-03-26,La Trattoria,Lunch,Panna Cotta,Dessert,1,7,7,Phone,1,T03
R20983,2025-03-26,Bella Roma,Lunch,Tiramisu,Dessert,1,8,8,Online,6,T22
R21023,2025-03-26,Il Capriccio,Lunch,Spaghetti Carbonara,Pasta,3,16,48,Walk-in,1,T13
R20263,2025-03-27,Il Capriccio,Lunch,Espresso,Drinks,2,3,6,Walk-in,4,T10
R20338,2025-03-27,Il Capriccio,Lunch,Tiramisu,Dessert,1,8,8,Walk-in,1,T22
R20500,2025-03-27,Il Capriccio,Dinner,Quattro Stagioni,Pizza,2,18,36,Walk-in,4,T12
R20610,2025-03-27,La Trattoria,Dinner,Gelato,Dessert,1,6,6,Walk-in,4,T02
R20654,2025-03-27,Il Capriccio,Dinner,Lasagna,Pasta,2,18,36,Walk-in,1,T13
R20820,2025-03-27,La Trattoria,Dinner,Risotto ai Funghi,Pasta,1,19,19,Partner App,3,T12
R20890,2025-03-27,Il Capriccio,Lunch,Quattro Stagioni,Pizza,1,18,18,Walk-in,3,T02
R20938,2025-03-27,Il Capriccio,Dinner,Tiramisu,Dessert,1,8,8,Walk-in,1,T10
R20968,2025-03-27,Il Capriccio,Dinner,Gelato,Dessert,1,6,6,Phone,3,T06
R20972,2025-03-27,Il Capriccio,Dinner,Diavola,Pizza,1,16,16,Walk-in,2,T08
R21126,2025-03-27,Bella Roma,Lunch,Panna Cotta,Dessert,1,7,7,Phone,4,T19
R21134,2025-03-27,Bella Roma,Dinner,Penne Arrabbiata,Pasta,1,14,14,Phone,2,T15
R20124,2025-03-28,La Trattoria,Lunch,Risotto ai Funghi,Pasta,1,19,19,Partner App,3,T12
R20133,2025-03-28,Bella Roma,Lunch,House Wine,Drinks,1,12,12,Walk-in,2,T22
R20244,2025-03-28,Il Capriccio,Lunch,House Wine,Drinks,1,12,12,Online,2,T15
R20274,2025-03-28,Il Capriccio,Dinner,Quattro Stagioni,Pizza,1,18,18,Online,1,T23
R20293,2025-03-28,Il Capriccio,Dinner,Tiramisu,Dessert,1,8,8,Phone,5,T15
R20463,2025-03-28,Bella Roma,Dinner,Sparkling Water,Drinks,1,4,4,Walk-in,3,T11
R20677,2025-03-28,Bella Roma,Lunch,Gelato,Dessert,1,6,6,Online,2,T18
R20788,2025-03-28,Bella Roma,Dinner,Gelato,Dessert,1,6,6,Walk-in,1,T16
R21159,2025-03-28,Bella Roma,Lunch,Quattro Stagioni,Pizza,1,18,18,Phone,3,T04
R20034,2025-03-29,Il Capriccio,Dinner,Lasagna,Pasta,1,18,18,Partner App,2,T21
R20223,2025-03-29,La Trattoria,Lunch,Sparkling Water,Drinks,1,4,4,Online,2,T15
R20305,2025-03-29,La Trattoria,Lunch,House Wine,Drinks,1,12,12,Partner App,1,T17
R20594,2025-03-29,La Trattoria,Lunch,Penne Arrabbiata,Pasta,1,14,14,Phone,1,T01
R20668,2025-03-29,Il Capriccio,Dinner,Espresso,Drinks,3,3,9,Partner App,4,T20
R20845,2025-03-29,Il Capriccio,Dinner,Sparkling Water,Drinks,1,4,4,Partner App,2,T05
R21053,2025-03-29,La Trattoria,Lunch,Lasagna,Pasta,1,18,18,Partner App,2,T04
R21141,2025-03-29,Il Capriccio,Dinner,Quattro Stagioni,Pizza,1,18,18,Phone,1,T22
R20093,2025-03-30,La Trattoria,Dinner,Spaghetti Carbonara,Pasta,3,16,48,Online,1,T13
R20292,2025-03-30,Bella Roma,Lunch,Sparkling Water,Drinks,1,4,4,Partner App,2,T11
R20490,2025-03-30,La Trattoria,Lunch,House Wine,Drinks,3,12,36,Online,1,T07
R20543,2025-03-30,Bella Roma,Lunch,Margherita Pizza,Pizza,1,14,14,Phone,3,T03
R20865,2025-03-30,La Trattoria,Dinner,Tiramisu,Dessert,1,8,8,Online,5,T03
R20986,2025-03-30,Bella Roma,Dinner,Lasagna,Pasta,1,18,18,Online,4,T06
R21063,2025-03-30,Bella Roma,Dinner,Espresso,Drinks,2,3,6,Walk-in,2,T01
R21079,2025-03-30,Il Capriccio,Lunch,Sparkling Water,Drinks,1,4,4,Walk-in,2,T25
R20077,2025-03-31,La Trattoria,Lunch,Sparkling Water,Drinks,1,4,4,Partner App,3,T16
R20392,2025-03-31,Il Capriccio,Lunch,Risotto ai Funghi,Pasta,1,19,19,Walk-in,6,T22
R20552,2025-03-31,Il Capriccio,Dinner,Tiramisu,Dessert,1,8,8,Online,2,T17
R20628,2025-03-31,Il Capriccio,Lunch,Espresso,Drinks,1,3,3,Phone,4,T09
R20990,2025-03-31,Bella Roma,Dinner,Lasagna,Pasta,1,18,18,Phone,2,T16
R21190,2025-03-31,La Trattoria,Dinner,Panna Cotta,Dessert,2,7,14,Partner App,3,T17
R20075,2025-04-01,Bella Roma,Dinner,Risotto ai Funghi,Pasta,1,19,19,Phone,4,T03
R20094,2025-04-01,Bella Roma,Lunch,Diavola,Pizza,1,16,16,Walk-in,1,T19
R20285,2025-04-01,Il Capriccio,Dinner,Penne Arrabbiata,Pasta,2,14,28,Partner App,4,T17
R20555,2025-04-01,Bella Roma,Lunch,Penne Arrabbiata,Pasta,2,14,28,Online,2,T03
R20588,2025-04-01,La Trattoria,Dinner,Espresso,Drinks,1,3,3,Partner App,2,T05
R20691,2025-04-01,La Trattoria,Dinner,Tiramisu,Dessert,2,8,16,Walk-in,1,T09
R20810,2025-04-01,La Trattoria,Dinner,Diavola,Pizza,2,16,32,Walk-in,4,T12
R21113,2025-04-01,Il Capriccio,Lunch,Panna Cotta,Dessert,1,7,7,Online,5,T02
R21120,2025-04-01,Bella Roma,Dinner,Diavola,Pizza,3,16,48,Partner App,3,T07
R21149,2025-04-01,La Trattoria,Dinner,Margherita Pizza,Pizza,1,14,14,Online,2,T17
R20076,2025-04-02,Il Capriccio,Lunch,Panna Cotta,Dessert,1,7,7,Online,2,T10
R20460,2025-04-02,Bella Roma,Dinner,Espresso,Drinks,3,3,9,Phone,5,T01
R20544,2025-04-02,La Trattoria,Lunch,Espresso,Drinks,2,3,6,Online,2,T06
R20928,2025-04-02,La Trattoria,Dinner,Risotto ai Funghi,Pasta,1,19,19,Partner App,2,T21
R20940,2025-04-02,La Trattoria,Lunch,Penne Arrabbiata,Pasta,1,14,14,Online,3,T25
R20993,2025-04-02,Il Capriccio,Lunch,House Wine,Drinks,1,12,12,Walk-in,2,T16
R21049,2025-04-02,Bella Roma,Lunch,Penne Arrabbiata,Pasta,1,14,14,Partner App,4,T01
R21195,2025-04-02,La Trattoria,Dinner,Margherita Pizza,Pizza,1,14,14,Phone,5,T25
R20201,2025-04-03,La Trattoria,Dinner,Sparkling Water,Drinks,1,4,4,Online,1,T17
R20218,2025-04-03,Il Capriccio,Lunch,Espresso,Drinks,2,3,6,Walk-in,3,T25
R20339,2025-04-03,Il Capriccio,Lunch,Penne Arrabbiata,Pasta,1,14,14,Walk-in,3,T21
R20426,2025-04-03,La Trattoria,Lunch,Panna Cotta,Dessert,1,7,7,Walk-in,4,T13
R20590,2025-04-03,Il Capriccio,Dinner,Penne Arrabbiata,Pasta,1,14,14,Phone,4,T18
R20736,2025-04-03,Bella Roma,Dinner,Sparkling Water,Drinks,1,4,4,Online,4,T24
R20807,2025-04-03,Bella Roma,Lunch,Margherita Pizza,Pizza,1,14,14,Phone,2,T06
R21056,2025-04-03,La Trattoria,Lunch,Espresso,Drinks,1,3,3,Online,1,T03
R21093,2025-04-03,La Trattoria,Lunch,House Wine,Drinks,1,12,12,Online,2,T14
R21131,2025-04-03,La Trattoria,Dinner,Gelato,Dessert,1,6,6,Online,2,T25
R20063,2025-04-04,La Trattoria,Dinner,Spaghetti Carbonara,Pasta,1,16,16,Partner App,1,T22
R20137,2025-04-04,La Trattoria,Lunch,Spaghetti Carbonara,Pasta,1,16,16,Online,1,T24
R20317,2025-04-04,Bella Roma,Dinner,Gelato,Dessert,3,6,18,Walk-in,4,T25
R20341,2025-04-04,La Trattoria,Lunch,Spaghetti Carbonara,Pasta,1,16,16,Online,2,T16
R20450,2025-04-04,Bella Roma,Lunch,Quattro Stagioni,Pizza,1,18,18,Phone,3,T17
R20547,2025-04-04,Il Capriccio,Lunch,Diavola,Pizza,1,16,16,Partner App,1,T22
R20622,2025-04-04,Bella Roma,Dinner,Sparkling Water,Drinks,1,4,4,Phone,4,T02
R20679,2025-04-04,La Trattoria,Lunch,Espresso,Drinks,1,3,3,Online,4,T21
R20703,2025-04-04,Bella Roma,Lunch,Panna Cotta,Dessert,1,7,7,Online,2,T10
R20740,2025-04-04,Bella Roma,Dinner,Sparkling Water,Drinks,1,4,4,Online,2,T10
R21117,2025-04-04,La Trattoria,Dinner,Quattro Stagioni,Pizza,1,18,18,Walk-in,2,T19
R20012,2025-04-05,Il Capriccio,Dinner,House Wine,Drinks,1,12,12,Phone,2,T09
R20345,2025-04-05,Bella Roma,Lunch,Espresso,Drinks,1,3,3,Partner App,2,T22
R20467,2025-04-05,Bella Roma,Lunch,Sparkling Water,Drinks,1,4,4,Walk-in,4,T03
R20471,2025-04-05,La Trattoria,Lunch,Lasagna,Pasta,1,18,18,Phone,2,T05
R20512,2025-04-05,Bella Roma,Lunch,Panna Cotta,Dessert,1,7,7,Walk-in,4,T24
R20532,2025-04-05,Il Capriccio,Dinner,Gelato,Dessert,1,6,6,Phone,4,T14
R20731,2025-04-05,Bella Roma,Dinner,House Wine,Drinks,1,12,12,Partner App,3,T02
R20745,2025-04-05,Bella Roma,Dinner,Espresso,Drinks,1,3,3,Phone,3,T08
R20760,2025-04-05,Bella Roma,Dinner,Espresso,Drinks,2,3,6,Phone,4,T02
R20781,2025-04-05,Il Capriccio,Dinner,Espresso,Drinks,2,3,6,Online,2,T13
R20824,2025-04-05,La Trattoria,Dinner,House Wine,Drinks,1,12,12,Phone,2,T04
R20092,2025-04-06,Bella Roma,Dinner,Margherita Pizza,Pizza,1,14,14,Walk-in,2,T07
R20155,2025-04-06,Bella Roma,Lunch,Quattro Stagioni,Pizza,1,18,18,Online,2,T06
R20509,2025-04-06,La Trattoria,Lunch,Penne Arrabbiata,Pasta,1,14,14,Partner App,2,T15
R20573,2025-04-06,Il Capriccio,Dinner,Quattro Stagioni,Pizza,1,18,18,Phone,1,T06
R20598,2025-04-06,Bella Roma,Dinner,Lasagna,Pasta,2,18,36,Phone,2,T16
R20885,2025-04-06,Bella Roma,Lunch,Quattro Stagioni,Pizza,3,18,54,Partner App,4,T21
R20909,2025-04-06,Il Capriccio,Lunch,Quattro Stagioni,Pizza,1,18,18,Phone,2,T23
R20914,2025-04-06,La Trattoria,Lunch,Espresso,Drinks,1,3,3,Phone,2,T04
R21020,2025-04-06,Bella Roma,Dinner,Panna Cotta,Dessert,1,7,7,Partner App,2,T02
R20069,2025-04-07,La Trattoria,Dinner,Penne Arrabbiata,Pasta,1,14,14,Partner App,3,T03
R20436,2025-04-07,Bella Roma,Dinner,Gelato,Dessert,1,6,6,Partner App,2,T11
R20589,2025-04-07,Il Capriccio,Lunch,Penne Arrabbiata,Pasta,1,14,14,Walk-in,3,T10
R20854,2025-04-07,Il Capriccio,Lunch,Penne Arrabbiata,Pasta,1,14,14,Partner App,3,T02
R20246,2025-04-08,Bella Roma,Dinner,Quattro Stagioni,Pizza,1,18,18,Phone,2,T24
R20283,2025-04-08,Il Capriccio,Dinner,Espresso,Drinks,2,3,6,Phone,5,T24
R20617,2025-04-08,Bella Roma,Dinner,House Wine,Drinks,2,12,24,Walk-in,2,T10
R20717,2025-04-08,La Trattoria,Dinner,Espresso,Drinks,1,3,3,Walk-in,2,T05
R20774,2025-04-08,La Trattoria,Lunch,Quattro Stagioni,Pizza,1,18,18,Phone,1,T12
R20920,2025-04-08,Bella Roma,Dinner,Spaghetti Carbonara,Pasta,2,16,32,Phone,2,T14
R21067,2025-04-08,Il Capriccio,Lunch,Risotto ai Funghi,Pasta,1,19,19,Online,4,T04
R20125,2025-04-09,Il Capriccio,Dinner,Diavola,Pizza,1,16,16,Partner App,2,T07
R20276,2025-04-09,Bella Roma,Dinner,Espresso,Drinks,1,3,3,Phone,1,T20
R20314,2025-04-09,Bella Roma,Dinner,Tiramisu,Dessert,1,8,8,Partner App,4,T18
R20319,2025-04-09,Il Capriccio,Lunch,Margherita Pizza,Pizza,1,14,14,Phone,2,T07
R20470,2025-04-09,Il Capriccio,Lunch,Lasagna,Pasta,2,18,36,Online,1,T09
R20540,2025-04-09,Il Capriccio,Lunch,House Wine,Drinks,1,12,12,Partner App,1,T09
R20880,2025-04-09,Bella Roma,Dinner,Risotto ai Funghi,Pasta,2,19,38,Online,2,T13
R21166,2025-04-09,Bella Roma,Dinner,Gelato,Dessert,1,6,6,Phone,2,T23
R20172,2025-04-10,Il Capriccio,Lunch,Quattro Stagioni,Pizza,1,18,18,Phone,3,T06
R20281,2025-04-10,La Trattoria,Lunch,Gelato,Dessert,1,6,6,Walk-in,6,T18
R20430,2025-04-10,Bella Roma,Dinner,Espresso,Drinks,2,3,6,Phone,4,T14
R20472,2025-04-10,La Trattoria,Lunch,Margherita Pizza,Pizza,1,14,14,Phone,2,T20
R20625,2025-04-10,La Trattoria,Dinner,Margherita Pizza,Pizza,1,14,14,Partner App,4,T08
R20641,2025-04-10,La Trattoria,Dinner,Lasagna,Pasta,1,18,18,Phone,6,T16
R20662,2025-04-10,Il Capriccio,Dinner,Penne Arrabbiata,Pasta,2,14,28,Partner App,6,T03
R20682,2025-04-10,Il Capriccio,Lunch,Risotto ai Funghi,Pasta,2,19,38,Partner App,2,T22
R20773,2025-04-10,Il Capriccio,Dinner,House Wine,Drinks,1,12,12,Partner App,6,T17
R20957,2025-04-10,La Trattoria,Dinner,Espresso,Drinks,1,3,3,Online,4,T18
R20033,2025-04-11,La Trattoria,Dinner,Tiramisu,Dessert,1,8,8,Partner App,2,T05
R20484,2025-04-11,La Trattoria,Lunch,Panna Cotta,Dessert,2,7,14,Online,2,T06
R20749,2025-04-11,Bella Roma,Lunch,Tiramisu,Dessert,1,8,8,Online,3,T12
R20864,2025-04-11,Il Capriccio,Lunch,Gelato,Dessert,1,6,6,Phone,3,T11
R20900,2025-04-11,La Trattoria,Lunch,Risotto ai Funghi,Pasta,2,19,38,Partner App,2,T07
R21130,2025-04-11,Il Capriccio,Dinner,Sparkling Water,Drinks,2,4,8,Phone,2,T06
R21172,2025-04-11,La Trattoria,Dinner,Spaghetti Carbonara,Pasta,1,16,16,Partner App,1,T16
R20046,2025-04-12,Bella Roma,Dinner,Risotto ai Funghi,Pasta,1,19,19,Walk-in,2,T08
R20060,2025-04-12,Bella Roma,Dinner,Sparkling Water,Drinks,1,4,4,Walk-in,2,T11
R20101,2025-04-12,La Trattoria,Dinner,Risotto ai Funghi,Pasta,1,19,19,Partner App,2,T02
R20135,2025-04-12,Bella Roma,Lunch,Diavola,Pizza,1,16,16,Phone,4,T25
R20373,2025-04-12,La Trattoria,Lunch,Gelato,Dessert,1,6,6,Partner App,2,T04
R20575,2025-04-12,La Trattoria,Lunch,Espresso,Drinks,1,3,3,Phone,3,T10
R20711,2025-04-12,La Trattoria,Dinner,Gelato,Dessert,1,6,6,Phone,3,T05
R20769,2025-04-12,Bella Roma,Lunch,Diavola,Pizza,1,16,16,Partner App,4,T10
R20790,2025-04-12,Bella Roma,Lunch,Gelato,Dessert,1,6,6,Phone,4,T05
R20792,2025-04-12,Bella Roma,Dinner,Quattro Stagioni,Pizza,1,18,18,Online,3,T06
R20823,2025-04-12,Il Capriccio,Dinner,Quattro Stagioni,Pizza,2,18,36,Phone,2,T01
R20871,2025-04-12,Il Capriccio,Dinner,Sparkling Water,Drinks,1,4,4,Online,1,T21
R21008,2025-04-12,La Trattoria,Dinner,Lasagna,Pasta,1,18,18,Phone,4,T24
R21099,2025-04-12,Bella Roma,Lunch,House Wine,Drinks,1,12,12,Walk-in,1,T10
R21135,2025-04-12,La Trattoria,Lunch,Espresso,Drinks,1,3,3,Online,1,T13
R21165,2025-04-12,Bella Roma,Lunch,Tiramisu,Dessert,1,8,8,Phone,1,T20
R21167,2025-04-12,Il Capriccio,Dinner,Risotto ai Funghi,Pasta,2,19,38,Online,2,T08
R20189,2025-04-13,Bella Roma,Dinner,Risotto ai Funghi,Pasta,1,19,19,Partner App,6,T07
R20454,2025-04-13,La Trattoria,Lunch,Sparkling Water,Drinks,1,4,4,Walk-in,6,T08
R20476,2025-04-13,Bella Roma,Dinner,Margherita Pizza,Pizza,2,14,28,Partner App,2,T12
R20652,2025-04-13,Bella Roma,Lunch,Lasagna,Pasta,1,18,18,Phone,4,T16
R20669,2025-04-13,Il Capriccio,Lunch,Quattro Stagioni,Pizza,1,18,18,Online,1,T21
R21001,2025-04-13,La Trattoria,Dinner,Panna Cotta,Dessert,1,7,7,Phone,2,T25
R21044,2025-04-13,Bella Roma,Dinner,Risotto ai Funghi,Pasta,1,19,19,Partner App,4,T17
R21119,2025-04-13,Bella Roma,Dinner,Spaghetti Carbonara,Pasta,1,16,16,Walk-in,4,T15
R20022,2025-04-14,La Trattoria,Lunch,Lasagna,Pasta,2,18,36,Walk-in,2,T24
R20164,2025-04-14,Il Capriccio,Lunch,Panna Cotta,Dessert,2,7,14,Partner App,1,T07
R20302,2025-04-14,La Trattoria,Dinner,Risotto ai Funghi,Pasta,1,19,19,Partner App,2,T14
R20340,2025-04-14,Bella Roma,Lunch,House Wine,Drinks,3,12,36,Walk-in,3,T13
R20361,2025-04-14,Bella Roma,Dinner,House Wine,Drinks,1,12,12,Walk-in,2,T14
R20407,2025-04-14,Il Capriccio,Dinner,Tiramisu,Dessert,2,8,16,Online,3,T16
R20442,2025-04-14,Bella Roma,Dinner,Sparkling Water,Drinks,1,4,4,Walk-in,5,T10
R20730,2025-04-14,La Trattoria,Dinner,Spaghetti Carbonara,Pasta,1,16,16,Walk-in,2,T13
R20861,2025-04-14,Bella Roma,Lunch,Penne Arrabbiata,Pasta,2,14,28,Online,3,T11
R21010,2025-04-14,Il Capriccio,Dinner,Quattro Stagioni,Pizza,1,18,18,Online,4,T19
R21027,2025-04-14,Bella Roma,Lunch,Gelato,Dessert,1,6,6,Online,2,T20
R21143,2025-04-14,Il Capriccio,Lunch,Panna Cotta,Dessert,3,7,21,Walk-in,3,T10
R20091,2025-04-15,La Trattoria,Dinner,Tiramisu,Dessert,1,8,8,Partner App,2,T21
R20184,2025-04-15,Bella Roma,Dinner,Panna Cotta,Dessert,1,7,7,Online,2,T02
R20202,2025-04-15,Bella Roma,Lunch,Spaghetti Carbonara,Pasta,1,16,16,Walk-in,3,T14
R20570,2025-04-15,La Trattoria,Dinner,Gelato,Dessert,1,6,6,Walk-in,3,T12
R20728,2025-04-15,Il Capriccio,Lunch,Lasagna,Pasta,1,18,18,Online,5,T24
R20853,2025-04-15,Il Capriccio,Lunch,Lasagna,Pasta,1,18,18,Phone,2,T22
R20912,2025-04-15,Bella Roma,Dinner,Penne Arrabbiata,Pasta,2,14,28,Walk-in,2,T07
R20950,2025-04-15,La Trattoria,Lunch,Panna Cotta,Dessert,1,7,7,Phone,2,T20
R20981,2025-04-15,Il Capriccio,Lunch,Lasagna,Pasta,1,18,18,Online,2,T22
R20985,2025-04-15,Bella Roma,Dinner,Quattro Stagioni,Pizza,2,18,36,Online,2,T14
R21150,2025-04-15,Bella Roma,Dinner,Margherita Pizza,Pizza,1,14,14,Walk-in,2,T11
R20181,2025-04-16,Il Capriccio,Dinner,Panna Cotta,Dessert,1,7,7,Phone,5,T25
R20365,2025-04-16,Bella Roma,Lunch,Margherita Pizza,Pizza,1,14,14,Online,4,T10
R20907,2025-04-16,La Trattoria,Dinner,Spaghetti Carbonara,Pasta,1,16,16,Phone,1,T21
R21086,2025-04-16,Bella Roma,Dinner,Penne Arrabbiata,Pasta,1,14,14,Online,4,T14
R21177,2025-04-16,Bella Roma,Lunch,Margherita Pizza,Pizza,1,14,14,Walk-in,2,T07
R20018,2025-04-17,Il Capriccio,Lunch,Spaghetti Carbonara,Pasta,1,16,16,Partner App,4,T02
R20166,2025-04-17,La Trattoria,Lunch,Lasagna,Pasta,1,18,18,Walk-in,3,T07
R20287,2025-04-17,Il Capriccio,Lunch,Spaghetti Carbonara,Pasta,1,16,16,Online,2,T01
R20346,2025-04-17,La Trattoria,Lunch,Gelato,Dessert,1,6,6,Online,5,T21
R20642,2025-04-17,La Trattoria,Lunch,Penne Arrabbiata,Pasta,2,14,28,Phone,4,T03
R20965,2025-04-17,La Trattoria,Lunch,Margherita Pizza,Pizza,1,14,14,Online,3,T23
R20992,2025-04-17,La Trattoria,Lunch,Lasagna,Pasta,1,18,18,Online,6,T01
R20120,2025-04-18,Bella Roma,Lunch,Margherita Pizza,Pizza,1,14,14,Walk-in,2,T14
R20231,2025-04-18,Bella Roma,Dinner,Lasagna,Pasta,1,18,18,Phone,3,T20
R20245,2025-04-18,Il Capriccio,Dinner,Sparkling Water,Drinks,1,4,4,Partner App,4,T03
R20398,2025-04-18,Bella Roma,Lunch,House Wine,Drinks,1,12,12,Walk-in,4,T18
R20539,2025-04-18,Bella Roma,Dinner,Panna Cotta,Dessert,1,7,7,Walk-in,1,T03
R20927,2025-04-18,Il Capriccio,Lunch,House Wine,Drinks,1,12,12,Phone,3,T02
R20935,2025-04-18,Bella Roma,Lunch,Gelato,Dessert,1,6,6,Online,5,T21
R20948,2025-04-18,Il Capriccio,Dinner,Risotto ai Funghi,Pasta,1,19,19,Walk-in,6,T22
R21028,2025-04-18,La Trattoria,Lunch,Risotto ai Funghi,Pasta,1,19,19,Online,6,T10
R21069,2025-04-18,Bella Roma,Lunch,Gelato,Dessert,1,6,6,Walk-in,4,T25
R21098,2025-04-18,La Trattoria,Lunch,Spaghetti Carbonara,Pasta,1,16,16,Partner App,3,T03
R20011,2025-04-19,Bella Roma,Lunch,Sparkling Water,Drinks,1,4,4,Online,3,T17
R20419,2025-04-19,La Trattoria,Lunch,Lasagna,Pasta,1,18,18,Online,1,T09
R20468,2025-04-19,Il Capriccio,Dinner,Diavola,Pizza,2,16,32,Phone,3,T04
R20576,2025-04-19,Bella Roma,Dinner,Espresso,Drinks,1,3,3,Phone,5,T23
R20632,2025-04-19,La Trattoria,Lunch,Espresso,Drinks,1,3,3,Partner App,2,T10
R20816,2025-04-19,Il Capriccio,Lunch,Gelato,Dessert,1,6,6,Online,5,T16
R21048,2025-04-19,Il Capriccio,Lunch,Diavola,Pizza,2,16,32,Partner App,2,T21
R20015,2025-04-20,Bella Roma,Lunch,Tiramisu,Dessert,2,8,16,Walk-in,1,T11
R20149,2025-04-20,La Trattoria,Lunch,Gelato,Dessert,2,6,12,Partner App,2,T23
R20393,2025-04-20,La Trattoria,Dinner,Risotto ai Funghi,Pasta,1,19,19,Online,3,T06
R20410,2025-04-20,La Trattoria,Lunch,Espresso,Drinks,1,3,3,Partner App,2,T21
R20491,2025-04-20,Il Capriccio,Dinner,Sparkling Water,Drinks,1,4,4,Phone,2,T17
R20649,2025-04-20,Bella Roma,Lunch,Gelato,Dessert,1,6,6,Online,4,T25
R20650,2025-04-20,Bella Roma,Dinner,Margherita Pizza,Pizza,1,14,14,Partner App,1,T14
R20724,2025-04-20,Il Capriccio,Dinner,Risotto ai Funghi,Pasta,2,19,38,Partner App,2,T23
R20825,2025-04-20,La Trattoria,Dinner,Risotto ai Funghi,Pasta,1,19,19,Partner App,2,T25
R20846,2025-04-20,Bella Roma,Lunch,Quattro Stagioni,Pizza,1,18,18,Phone,3,T03
R20996,2025-04-20,La Trattoria,Dinner,Diavola,Pizza,1,16,16,Partner App,5,T07
R21073,2025-04-20,Il Capriccio,Dinner,Risotto ai Funghi,Pasta,1,19,19,Walk-in,6,T23
R20113,2025-04-21,La Trattoria,Dinner,House Wine,Drinks,2,12,24,Partner App,5,T11
R20205,2025-04-21,Il Capriccio,Dinner,Espresso,Drinks,1,3,3,Phone,3,T08
R20215,2025-04-21,Bella Roma,Dinner,Tiramisu,Dessert,1,8,8,Online,2,T01
R20380,2025-04-21,Il Capriccio,Dinner,Diavola,Pizza,2,16,32,Phone,1,T25
R20428,2025-04-21,Il Capriccio,Dinner,Diavola,Pizza,1,16,16,Online,2,T14
R20535,2025-04-21,Il Capriccio,Dinner,Quattro Stagioni,Pizza,3,18,54,Phone,3,T21
R20563,2025-04-21,La Trattoria,Lunch,Gelato,Dessert,1,6,6,Phone,4,T13
R20634,2025-04-21,Bella Roma,Lunch,Diavola,Pizza,1,16,16,Partner App,3,T18
R20988,2025-04-21,Il Capriccio,Lunch,Gelato,Dessert,1,6,6,Walk-in,2,T03
R21018,2025-04-21,Il Capriccio,Dinner,Penne Arrabbiata,Pasta,1,14,14,Online,2,T25
R21030,2025-04-21,Il Capriccio,Dinner,Diavola,Pizza,1,16,16,Partner App,2,T16
R20134,2025-04-22,Bella Roma,Dinner,Gelato,Dessert,1,6,6,Walk-in,4,T19
R20158,2025-04-22,Bella Roma,Dinner,Spaghetti Carbonara,Pasta,1,16,16,Walk-in,4,T17
R20290,2025-04-22,Il Capriccio,Lunch,Tiramisu,Dessert,1,8,8,Walk-in,3,T03
R20506,2025-04-22,Il Capriccio,Lunch,House Wine,Drinks,2,12,24,Phone,2,T12
R20660,2025-04-22,La Trattoria,Lunch,Diavola,Pizza,2,16,32,Phone,3,T24
R20852,2025-04-22,La Trattoria,Dinner,Risotto ai Funghi,Pasta,1,19,19,Online,2,T14
R20867,2025-04-22,Il Capriccio,Lunch,Risotto ai Funghi,Pasta,1,19,19,Partner App,1,T05
R20956,2025-04-22,Bella Roma,Dinner,Gelato,Dessert,1,6,6,Partner App,3,T11
R21194,2025-04-22,Bella Roma,Lunch,Gelato,Dessert,1,6,6,Phone,4,T21
R20021,2025-04-23,Bella Roma,Lunch,Quattro Stagioni,Pizza,1,18,18,Walk-in,4,T13
R20064,2025-04-23,La Trattoria,Dinner,Espresso,Drinks,1,3,3,Phone,3,T09
R20110,2025-04-23,La Trattoria,Dinner,Margherita Pizza,Pizza,1,14,14,Walk-in,2,T18
R20136,2025-04-23,Bella Roma,Lunch,Spaghetti Carbonara,Pasta,1,16,16,Partner App,2,T01
R20212,2025-04-23,Il Capriccio,Lunch,Penne Arrabbiata,Pasta,1,14,14,Walk-in,2,T13
R20275,2025-04-23,Il Capriccio,Lunch,Lasagna,Pasta,1,18,18,Online,3,T11
R20387,2025-04-23,La Trattoria,Dinner,Panna Cotta,Dessert,1,7,7,Partner App,3,T09
R20607,2025-04-23,Il Capriccio,Lunch,Lasagna,Pasta,1,18,18,Partner App,2,T11
R20791,2025-04-23,Bella Roma,Lunch,Spaghetti Carbonara,Pasta,1,16,16,Walk-in,3,T11
R20803,2025-04-23,Il Capriccio,Lunch,Spaghetti Carbonara,Pasta,1,16,16,Phone,5,T24
R20931,2025-04-23,Bella Roma,Lunch,Risotto ai Funghi,Pasta,1,19,19,Walk-in,4,T10
R21050,2025-04-23,Il Capriccio,Lunch,Diavola,Pizza,1,16,16,Online,4,T21
R21100,2025-04-23,La Trattoria,Lunch,Quattro Stagioni,Pizza,1,18,18,Walk-in,3,T05
R21157,2025-04-23,Il Capriccio,Lunch,House Wine,Drinks,1,12,12,Walk-in,5,T16
R21169,2025-04-23,Il Capriccio,Dinner,Sparkling Water,Drinks,1,4,4,Partner App,2,T04
R20071,2025-04-24,La Trattoria,Dinner,Panna Cotta,Dessert,1,7,7,Walk-in,2,T10
R20127,2025-04-24,Il Capriccio,Lunch,Risotto ai Funghi,Pasta,1,19,19,Online,2,T04
R20142,2025-04-24,La Trattoria,Dinner,Panna Cotta,Dessert,1,7,7,Partner App,2,T18
R20195,2025-04-24,Il Capriccio,Dinner,Diavola,Pizza,1,16,16,Online,6,T17
R20232,2025-04-24,Bella Roma,Dinner,Spaghetti Carbonara,Pasta,1,16,16,Phone,2,T19
R20265,2025-04-24,Il Capriccio,Lunch,Diavola,Pizza,1,16,16,Online,4,T07
R20334,2025-04-24,Bella Roma,Lunch,Gelato,Dessert,2,6,12,Partner App,3,T11
R20425,2025-04-24,Bella Roma,Lunch,Quattro Stagioni,Pizza,1,18,18,Partner App,4,T15
R20678,2025-04-24,Bella Roma,Dinner,Penne Arrabbiata,Pasta,3,14,42,Walk-in,3,T19
R20694,2025-04-24,Il Capriccio,Lunch,Gelato,Dessert,1,6,6,Online,4,T14
R20739,2025-04-24,Il Capriccio,Dinner,Lasagna,Pasta,1,18,18,Online,1,T05
R20849,2025-04-24,Il Capriccio,Lunch,Diavola,Pizza,1,16,16,Online,2,T04
R20954,2025-04-24,Il Capriccio,Lunch,House Wine,Drinks,1,12,12,Partner App,1,T01
R21081,2025-04-24,La Trattoria,Lunch,Panna Cotta,Dessert,1,7,7,Walk-in,2,T07
R21129,2025-04-24,Bella Roma,Lunch,Espresso,Drinks,1,3,3,Walk-in,5,T12
R20163,2025-04-25,Il Capriccio,Lunch,House Wine,Drinks,1,12,12,Phone,2,T13
R20390,2025-04-25,Bella Roma,Lunch,Risotto ai Funghi,Pasta,1,19,19,Walk-in,4,T03
R20680,2025-04-25,Il Capriccio,Dinner,Sparkling Water,Drinks,1,4,4,Walk-in,5,T19
R20714,2025-04-25,Il Capriccio,Lunch,Quattro Stagioni,Pizza,1,18,18,Partner App,6,T13
R20939,2025-04-25,La Trattoria,Dinner,Spaghetti Carbonara,Pasta,1,16,16,Walk-in,3,T20
R20991,2025-04-25,Il Capriccio,Lunch,Sparkling Water,Drinks,3,4,12,Walk-in,6,T09
R21122,2025-04-25,Il Capriccio,Lunch,Penne Arrabbiata,Pasta,1,14,14,Phone,3,T22
R21146,2025-04-25,Il Capriccio,Dinner,Tiramisu,Dessert,1,8,8,Online,1,T10
R21176,2025-04-25,Bella Roma,Dinner,Panna Cotta,Dessert,1,7,7,Partner App,6,T09
R20087,2025-04-26,Bella Roma,Lunch,Gelato,Dessert,1,6,6,Phone,4,T03
R20194,2025-04-26,Bella Roma,Dinner,Spaghetti Carbonara,Pasta,1,16,16,Partner App,2,T16
R20240,2025-04-26,Bella Roma,Lunch,Penne Arrabbiata,Pasta,3,14,42,Phone,3,T09
R20253,2025-04-26,La Trattoria,Lunch,Espresso,Drinks,1,3,3,Phone,4,T17
R20489,2025-04-26,La Trattoria,Dinner,Lasagna,Pasta,1,18,18,Phone,3,T20
R20905,2025-04-26,Il Capriccio,Dinner,Lasagna,Pasta,1,18,18,Online,3,T10
R21147,2025-04-26,Il Capriccio,Dinner,Sparkling Water,Drinks,1,4,4,Walk-in,3,T04
R20017,2025-04-27,Bella Roma,Lunch,Sparkling Water,Drinks,2,4,8,Online,5,T21
R20020,2025-04-27,Il Capriccio,Dinner,Spaghetti Carbonara,Pasta,1,16,16,Walk-in,4,T04
R20176,2025-04-27,Il Capriccio,Dinner,Panna Cotta,Dessert,1,7,7,Online,3,T08
R20209,2025-04-27,Il Capriccio,Dinner,Espresso,Drinks,2,3,6,Online,2,T11
R20296,2025-04-27,La Trattoria,Lunch,Lasagna,Pasta,1,18,18,Walk-in,4,T10
R20300,2025-04-27,La Trattoria,Lunch,Quattro Stagioni,Pizza,1,18,18,Phone,4,T16
R20301,2025-04-27,Il Capriccio,Lunch,House Wine,Drinks,3,12,36,Walk-in,4,T20
R20734,2025-04-27,Bella Roma,Lunch,Quattro Stagioni,Pizza,1,18,18,Online,5,T17
R20762,2025-04-27,Il Capriccio,Lunch,Espresso,Drinks,2,3,6,Online,5,T17
R20982,2025-04-27,Il Capriccio,Dinner,Gelato,Dessert,1,6,6,Online,2,T05
R20013,2025-04-28,Il Capriccio,Lunch,Spaghetti Carbonara,Pasta,1,16,16,Walk-in,3,T15
R20326,2025-04-28,Il Capriccio,Dinner,House Wine,Drinks,3,12,36,Walk-in,3,T23
R20840,2025-04-28,La Trattoria,Dinner,Sparkling Water,Drinks,1,4,4,Partner App,3,T13
R20870,2025-04-28,Bella Roma,Dinner,Risotto ai Funghi,Pasta,2,19,38,Phone,1,T15
R20901,2025-04-28,Bella Roma,Lunch,Risotto ai Funghi,Pasta,3,19,57,Online,4,T25
R21083,2025-04-28,Bella Roma,Dinner,Risotto ai Funghi,Pasta,2,19,38,Partner App,2,T13
R21198,2025-04-28,Bella Roma,Lunch,Quattro Stagioni,Pizza,1,18,18,Phone,1,T15
R20061,2025-04-29,La Trattoria,Dinner,Diavola,Pizza,1,16,16,Phone,4,T25
R20171,2025-04-29,Il Capriccio,Dinner,Diavola,Pizza,2,16,32,Phone,3,T23
R20258,2025-04-29,Il Capriccio,Dinner,Tiramisu,Dessert,1,8,8,Online,3,T05
R20395,2025-04-29,La Trattoria,Lunch,Panna Cotta,Dessert,3,7,21,Walk-in,2,T06
R20690,2025-04-29,La Trattoria,Dinner,Penne Arrabbiata,Pasta,1,14,14,Walk-in,3,T08
R20980,2025-04-29,Il Capriccio,Dinner,Espresso,Drinks,3,3,9,Online,1,T05
R21021,2025-04-29,La Trattoria,Lunch,Diavola,Pizza,1,16,16,Walk-in,3,T07
R21046,2025-04-29,Bella Roma,Lunch,Spaghetti Carbonara,Pasta,1,16,16,Walk-in,2,T01
R20037,2025-04-30,La Trattoria,Lunch,Tiramisu,Dessert,2,8,16,Partner App,3,T16
R20523,2025-04-30,Bella Roma,Lunch,Risotto ai Funghi,Pasta,1,19,19,Online,1,T24
R20567,2025-04-30,Bella Roma,Lunch,Margherita Pizza,Pizza,1,14,14,Phone,1,T18
R20585,2025-04-30,La Trattoria,Dinner,Spaghetti Carbonara,Pasta,1,16,16,Walk-in,2,T06
R20597,2025-04-30,Bella Roma,Dinner,Quattro Stagioni,Pizza,1,18,18,Phone,3,T21
R20655,2025-04-30,La Trattoria,Lunch,Sparkling Water,Drinks,1,4,4,Partner App,4,T19
R20699,2025-04-30,La Trattoria,Dinner,Diavola,Pizza,1,16,16,Partner App,6,T19
R20741,2025-04-30,Bella Roma,Lunch,Gelato,Dessert,2,6,12,Partner App,2,T02
R20837,2025-04-30,Bella Roma,Dinner,Tiramisu,Dessert,1,8,8,Partner App,3,T22
R20848,2025-04-30,Il Capriccio,Dinner,Lasagna,Pasta,1,18,18,Online,1,T25
R20921,2025-04-30,Il Capriccio,Dinner,Penne Arrabbiata,Pasta,1,14,14,Online,6,T14
R20961,2025-04-30,La Trattoria,Lunch,Spaghetti Carbonara,Pasta,1,16,16,Phone,2,T03
R21019,2025-04-30,Il Capriccio,Dinner,Spaghetti Carbonara,Pasta,1,16,16,Partner App,6,T03
R21108,2025-04-30,Bella Roma,Lunch,Sparkling Water,Drinks,1,4,4,Phone,3,T04
R20220,2025-05-01,Il Capriccio,Dinner,Tiramisu,Dessert,1,8,8,Walk-in,1,T24
R20269,2025-05-01,Il Capriccio,Lunch,Panna Cotta,Dessert,2,7,14,Walk-in,4,T22
R20358,2025-05-01,Bella Roma,Lunch,Gelato,Dessert,1,6,6,Partner App,2,T15
R20566,2025-05-01,Bella Roma,Lunch,Spaghetti Carbonara,Pasta,1,16,16,Partner App,2,T20
R20629,2025-05-01,Bella Roma,Lunch,Diavola,Pizza,1,16,16,Partner App,1,T12
R21032,2025-05-01,La Trattoria,Lunch,Lasagna,Pasta,1,18,18,Phone,3,T12
R21116,2025-05-01,La Trattoria,Lunch,Sparkling Water,Drinks,1,4,4,Online,3,T01
